stat_date,channel,category,page_views,visitors,add_to_cart_users,order_users,pay_users
2026-04-05,自然流量,女装,10385,2251,424,154,112
2026-04-05,自然流量,美妆,7305,2114,372,187,157
2026-04-05,自然流量,食品,3296,828,181,63,57
2026-04-05,自然流量,数码,5763,1221,193,91,71
2026-04-05,自然流量,家清,5378,2196,308,168,124
2026-04-05,搜索,女装,5133,2091,373,114,85
2026-04-05,搜索,美妆,9461,2555,372,165,116
2026-04-05,搜索,食品,2485,1047,126,69,59
2026-04-05,搜索,数码,1848,567,87,52,42
2026-04-05,搜索,家清,2274,854,141,69,59
2026-04-05,推荐,女装,6184,2475,326,131,112
2026-04-05,推荐,美妆,7657,1778,171,92,64
2026-04-05,推荐,食品,4002,1644,231,119,83
2026-04-05,推荐,数码,6195,1712,268,155,142
2026-04-05,推荐,家清,6425,1352,243,84,60
2026-04-05,直播,女装,3428,1396,158,81,74
2026-04-05,直播,美妆,2513,593,54,30,22
2026-04-05,直播,食品,7046,1769,387,230,171
2026-04-05,直播,数码,2787,735,102,49,34
2026-04-05,直播,家清,4541,1338,168,61,51
2026-04-05,广告,女装,4749,1863,277,170,140
2026-04-05,广告,美妆,4302,1214,188,68,49
2026-04-05,广告,食品,3238,982,134,66,50
2026-04-05,广告,数码,2439,946,170,77,59
2026-04-05,广告,家清,1738,508,67,33,27
2026-04-06,自然流量,女装,7673,2114,286,170,121
2026-04-06,自然流量,美妆,6860,1820,288,157,120
2026-04-06,自然流量,食品,6753,1775,234,110,95
2026-04-06,自然流量,数码,2239,970,108,34,31
2026-04-06,自然流量,家清,4392,1373,117,41,33
2026-04-06,搜索,女装,4785,1568,171,99,75
2026-04-06,搜索,美妆,7143,1692,154,94,76
2026-04-06,搜索,食品,11263,2415,513,185,132
2026-04-06,搜索,数码,3739,1315,187,112,102
2026-04-06,搜索,家清,3471,866,76,39,33
2026-04-06,推荐,女装,6554,2220,287,172,138
2026-04-06,推荐,美妆,5041,2041,172,60,53
2026-04-06,推荐,食品,2161,957,149,62,57
2026-04-06,推荐,数码,3121,1250,103,42,30
2026-04-06,推荐,家清,4725,1128,240,133,103
2026-04-06,直播,女装,5589,1309,188,103,82
2026-04-06,直播,美妆,7008,1858,286,114,86
2026-04-06,直播,食品,2414,969,99,45,40
2026-04-06,直播,数码,3174,1014,158,54,40
2026-04-06,直播,家清,4110,921,92,54,37
2026-04-06,广告,女装,6062,1720,245,148,109
2026-04-06,广告,美妆,4478,1629,169,81,64
2026-04-06,广告,食品,1964,464,102,41,28
2026-04-06,广告,数码,2166,604,104,62,54
2026-04-06,广告,家清,5200,1152,218,77,71
2026-04-07,自然流量,女装,11297,2425,512,284,202
2026-04-07,自然流量,美妆,5058,2195,389,142,127
2026-04-07,自然流量,食品,7852,1852,354,163,137
2026-04-07,自然流量,数码,4299,1665,318,126,95
2026-04-07,自然流量,家清,9060,2202,229,108,90
2026-04-07,搜索,女装,3958,1185,161,62,44
2026-04-07,搜索,美妆,6101,1600,335,169,154
2026-04-07,搜索,食品,2902,685,104,33,28
2026-04-07,搜索,数码,8628,1937,164,57,40
2026-04-07,搜索,家清,7992,1933,171,59,42
2026-04-07,推荐,女装,3045,975,212,116,102
2026-04-07,推荐,美妆,6942,1655,187,83,64
2026-04-07,推荐,食品,10225,2268,342,201,181
2026-04-07,推荐,数码,6555,1689,269,124,106
2026-04-07,推荐,家清,2013,655,56,18,14
2026-04-07,直播,女装,9176,2235,399,191,137
2026-04-07,直播,美妆,4837,1206,127,71,54
2026-04-07,直播,食品,1496,495,72,34,26
2026-04-07,直播,数码,3508,1393,258,110,77
2026-04-07,直播,家清,3723,1036,164,70,50
2026-04-07,广告,女装,4537,1525,184,109,94
2026-04-07,广告,美妆,3781,960,185,61,54
2026-04-07,广告,食品,4591,1086,117,35,25
2026-04-07,广告,数码,2237,518,97,41,33
2026-04-07,广告,家清,4205,1116,223,121,103
2026-04-08,自然流量,女装,9583,2234,431,226,177
2026-04-08,自然流量,美妆,3945,1306,242,119,86
2026-04-08,自然流量,食品,8135,2693,216,121,112
2026-04-08,自然流量,数码,2615,1100,88,40,35
2026-04-08,自然流量,家清,3395,1134,215,106,78
2026-04-08,搜索,女装,11212,2425,422,165,130
2026-04-08,搜索,美妆,7023,2083,273,164,135
2026-04-08,搜索,食品,3916,1344,177,87,67
2026-04-08,搜索,数码,2640,795,97,52,46
2026-04-08,搜索,家清,5783,1882,152,53,45
2026-04-08,推荐,女装,2655,702,120,72,60
2026-04-08,推荐,美妆,5578,1402,264,153,126
2026-04-08,推荐,食品,3067,1275,192,111,86
2026-04-08,推荐,数码,1307,451,62,19,16
2026-04-08,推荐,家清,4890,1766,211,64,47
2026-04-08,直播,女装,3725,916,171,52,45
2026-04-08,直播,美妆,1733,743,70,22,16
2026-04-08,直播,食品,2120,746,115,49,37
2026-04-08,直播,数码,2715,821,126,57,52
2026-04-08,直播,家清,2557,622,60,24,18
2026-04-08,广告,女装,6499,1357,262,93,84
2026-04-08,广告,美妆,1789,476,55,28,24
2026-04-08,广告,食品,4953,1528,317,137,97
2026-04-08,广告,数码,3082,1094,208,109,93
2026-04-08,广告,家清,1483,517,95,48,37
2026-04-09,自然流量,女装,7919,2753,273,87,62
2026-04-09,自然流量,美妆,6174,1842,306,154,141
2026-04-09,自然流量,食品,4454,1158,98,34,29
2026-04-09,自然流量,数码,8309,2170,436,143,131
2026-04-09,自然流量,家清,3470,1407,163,84,64
2026-04-09,搜索,女装,5449,1892,352,207,163
2026-04-09,搜索,美妆,7107,1921,309,106,81
2026-04-09,搜索,食品,3255,697,126,67,56
2026-04-09,搜索,数码,4960,1346,238,141,109
2026-04-09,搜索,家清,6072,1296,143,66,51
2026-04-09,推荐,女装,3262,1313,149,69,59
2026-04-09,推荐,美妆,11350,2589,542,169,118
2026-04-09,推荐,食品,7305,1848,365,221,162
2026-04-09,推荐,数码,2614,971,166,86,60
2026-04-09,推荐,家清,4177,910,162,98,79
2026-04-09,直播,女装,8743,1827,342,203,171
2026-04-09,直播,美妆,4291,1702,361,159,141
2026-04-09,直播,食品,4852,1200,105,54,40
2026-04-09,直播,数码,1561,348,70,26,20
2026-04-09,直播,家清,4165,1060,193,64,47
2026-04-09,广告,女装,1625,407,80,26,18
2026-04-09,广告,美妆,4894,1214,145,58,46
2026-04-09,广告,食品,2467,1041,120,38,34
2026-04-09,广告,数码,983,295,60,28,24
2026-04-09,广告,家清,3420,817,166,67,53
2026-04-10,自然流量,女装,2409,1026,153,68,53
2026-04-10,自然流量,美妆,7458,2344,509,182,157
2026-04-10,自然流量,食品,5583,2216,217,121,97
2026-04-10,自然流量,数码,4772,1020,104,49,37
2026-04-10,自然流量,家清,8671,2239,346,199,142
2026-04-10,搜索,女装,6809,1656,248,97,77
2026-04-10,搜索,美妆,8958,2243,431,239,171
2026-04-10,搜索,食品,7874,1676,217,73,56
2026-04-10,搜索,数码,4130,1297,191,84,71
2026-04-10,搜索,家清,1314,433,79,47,34
2026-04-10,推荐,女装,2743,831,153,64,57
2026-04-10,推荐,美妆,3395,743,81,24,20
2026-04-10,推荐,食品,7153,2366,443,152,140
2026-04-10,推荐,数码,5961,1420,195,117,103
2026-04-10,推荐,家清,6056,1300,185,86,72
2026-04-10,直播,女装,6753,1563,136,61,45
2026-04-10,直播,美妆,8176,1773,241,147,111
2026-04-10,直播,食品,4383,1547,251,132,105
2026-04-10,直播,数码,2656,1151,239,145,128
2026-04-10,直播,家清,942,343,38,12,9
2026-04-10,广告,女装,4587,1863,245,111,93
2026-04-10,广告,美妆,2483,1061,164,49,42
2026-04-10,广告,食品,3354,953,157,48,35
2026-04-10,广告,数码,2576,539,71,36,31
2026-04-10,广告,家清,2544,554,115,35,32
2026-04-11,自然流量,女装,2387,921,179,110,81
2026-04-11,自然流量,美妆,11008,2851,487,188,142
2026-04-11,自然流量,食品,4289,1778,355,193,146
2026-04-11,自然流量,数码,6897,2416,247,111,79
2026-04-11,自然流量,家清,5170,2077,279,141,125
2026-04-11,搜索,女装,10858,2490,444,166,130
2026-04-11,搜索,美妆,2475,815,172,105,82
2026-04-11,搜索,食品,6605,2063,182,95,75
2026-04-11,搜索,数码,3260,942,94,34,29
2026-04-11,搜索,家清,4410,1140,221,81,66
2026-04-11,推荐,女装,5170,1382,176,91,81
2026-04-11,推荐,美妆,6736,1892,162,64,52
2026-04-11,推荐,食品,2648,803,129,64,50
2026-04-11,推荐,数码,5331,1138,127,68,48
2026-04-11,推荐,家清,4773,1091,180,90,79
2026-04-11,直播,女装,2662,642,106,52,42
2026-04-11,直播,美妆,3709,823,150,56,46
2026-04-11,直播,食品,5435,1333,176,84,76
2026-04-11,直播,数码,1769,707,98,51,43
2026-04-11,直播,家清,4096,1281,118,60,44
2026-04-11,广告,女装,3024,654,67,29,24
2026-04-11,广告,美妆,2054,645,82,38,33
2026-04-11,广告,食品,5737,1282,268,113,80
2026-04-11,广告,数码,2044,430,77,30,24
2026-04-11,广告,家清,3552,1175,156,80,68
2026-04-12,自然流量,女装,4219,1025,197,90,64
2026-04-12,自然流量,美妆,6820,2103,252,78,59
2026-04-12,自然流量,食品,8655,1942,281,91,74
2026-04-12,自然流量,数码,2998,800,73,32,22
2026-04-12,自然流量,家清,7049,2019,272,90,70
2026-04-12,搜索,女装,6825,1694,310,190,174
2026-04-12,搜索,美妆,4114,1663,254,80,74
2026-04-12,搜索,食品,3386,1034,92,33,23
2026-04-12,搜索,数码,2586,824,111,37,29
2026-04-12,搜索,家清,5250,1563,311,173,144
2026-04-12,推荐,女装,8524,2727,425,151,109
2026-04-12,推荐,美妆,2375,936,192,94,72
2026-04-12,推荐,食品,6277,2068,238,79,59
2026-04-12,推荐,数码,2192,568,109,41,32
2026-04-12,推荐,家清,6067,1785,200,72,52
2026-04-12,直播,女装,9406,2192,208,78,55
2026-04-12,直播,美妆,4645,1611,179,84,64
2026-04-12,直播,食品,1736,714,134,47,39
2026-04-12,直播,数码,2282,678,82,45,36
2026-04-12,直播,家清,1354,397,84,34,26
2026-04-12,广告,女装,6909,1474,318,194,172
2026-04-12,广告,美妆,3391,1374,138,54,48
2026-04-12,广告,食品,1741,516,85,41,33
2026-04-12,广告,数码,3370,1127,185,87,70
2026-04-12,广告,家清,3071,1128,128,47,37
2026-04-13,自然流量,女装,8877,1885,314,174,139
2026-04-13,自然流量,美妆,4296,1805,234,80,58
2026-04-13,自然流量,食品,10999,2411,500,297,238
2026-04-13,自然流量,数码,3498,1423,211,127,89
2026-04-13,自然流量,家清,2851,661,102,48,42
2026-04-13,搜索,女装,13240,2997,529,235,199
2026-04-13,搜索,美妆,4615,1275,228,108,81
2026-04-13,搜索,食品,5291,2117,336,162,133
2026-04-13,搜索,数码,3344,1120,147,75,63
2026-04-13,搜索,家清,5174,1809,332,140,118
2026-04-13,推荐,女装,4912,1638,178,61,51
2026-04-13,推荐,美妆,2332,661,109,65,57
2026-04-13,推荐,食品,1967,641,112,51,39
2026-04-13,推荐,数码,7128,1694,302,178,141
2026-04-13,推荐,家清,2385,633,130,74,54
2026-04-13,直播,女装,1521,491,74,29,21
2026-04-13,直播,美妆,1706,630,99,46,35
2026-04-13,直播,食品,1725,468,43,16,12
2026-04-13,直播,数码,3443,850,86,47,35
2026-04-13,直播,家清,3407,1268,161,86,72
2026-04-13,广告,女装,4712,1379,196,106,93
2026-04-13,广告,美妆,6610,1678,278,97,83
2026-04-13,广告,食品,1811,468,39,24,21
2026-04-13,广告,数码,5159,1110,207,72,60
2026-04-13,广告,家清,5096,1148,97,37,30
2026-04-14,自然流量,女装,7875,1879,320,181,152
2026-04-14,自然流量,美妆,6171,1342,294,150,116
2026-04-14,自然流量,食品,4368,937,116,48,40
2026-04-14,自然流量,数码,4131,1467,156,65,46
2026-04-14,自然流量,家清,3244,762,110,58,52
2026-04-14,搜索,女装,9214,2663,368,149,126
2026-04-14,搜索,美妆,9989,2106,237,93,65
2026-04-14,搜索,食品,7025,2043,425,132,92
2026-04-14,搜索,数码,2804,701,65,22,15
2026-04-14,搜索,家清,5678,1796,351,179,156
2026-04-14,推荐,女装,6637,1638,329,133,95
2026-04-14,推荐,美妆,5311,2284,230,136,124
2026-04-14,推荐,食品,7322,2348,426,178,158
2026-04-14,推荐,数码,2086,657,94,35,29
2026-04-14,推荐,家清,8150,1847,396,244,181
2026-04-14,直播,女装,4886,1922,197,71,63
2026-04-14,直播,美妆,4331,1810,194,69,56
2026-04-14,直播,食品,1667,660,55,21,16
2026-04-14,直播,数码,2527,1116,131,48,36
2026-04-14,直播,家清,3292,763,80,28,25
2026-04-14,广告,女装,8175,1909,378,173,140
2026-04-14,广告,美妆,2833,1066,200,72,58
2026-04-14,广告,食品,2174,547,64,38,33
2026-04-14,广告,数码,1629,553,118,53,41
2026-04-14,广告,家清,2808,1089,171,59,50
2026-04-15,自然流量,女装,9830,2607,499,195,143
2026-04-15,自然流量,美妆,13666,2909,374,158,123
2026-04-15,自然流量,食品,7085,2036,383,224,195
2026-04-15,自然流量,数码,8393,2117,340,205,189
2026-04-15,自然流量,家清,1183,536,102,52,46
2026-04-15,搜索,女装,2221,950,95,38,31
2026-04-15,搜索,美妆,2825,876,96,32,23
2026-04-15,搜索,食品,7120,2467,491,289,257
2026-04-15,搜索,数码,6632,2069,248,99,88
2026-04-15,搜索,家清,7958,1979,344,209,165
2026-04-15,推荐,女装,3758,1686,291,133,112
2026-04-15,推荐,美妆,5043,1179,145,89,67
2026-04-15,推荐,食品,2309,622,59,31,24
2026-04-15,推荐,数码,2333,788,120,48,38
2026-04-15,推荐,家清,5648,1346,165,82,58
2026-04-15,直播,女装,4535,1537,187,82,70
2026-04-15,直播,美妆,5376,1394,155,92,72
2026-04-15,直播,食品,7422,1722,203,80,62
2026-04-15,直播,数码,2662,888,145,59,41
2026-04-15,直播,家清,1199,460,75,24,19
2026-04-15,广告,女装,4023,1026,162,71,55
2026-04-15,广告,美妆,1151,481,85,35,31
2026-04-15,广告,食品,4450,1251,119,58,51
2026-04-15,广告,数码,2463,747,118,66,53
2026-04-15,广告,家清,3447,828,69,27,22
2026-04-16,自然流量,女装,9937,2143,460,144,122
2026-04-16,自然流量,美妆,12661,3122,414,190,155
2026-04-16,自然流量,食品,2965,1036,85,47,41
2026-04-16,自然流量,数码,3036,1010,190,87,78
2026-04-16,自然流量,家清,6563,1384,168,67,49
2026-04-16,搜索,女装,6883,2910,370,148,109
2026-04-16,搜索,美妆,6498,2184,363,194,142
2026-04-16,搜索,食品,5751,1904,394,235,201
2026-04-16,搜索,数码,8628,2144,181,66,47
2026-04-16,搜索,家清,1560,529,103,59,51
2026-04-16,推荐,女装,5977,1890,309,168,136
2026-04-16,推荐,美妆,5921,2213,354,163,128
2026-04-16,推荐,食品,7129,1563,236,142,114
2026-04-16,推荐,数码,1455,460,79,45,34
2026-04-16,推荐,家清,3636,970,199,89,76
2026-04-16,直播,女装,7166,1880,193,93,86
2026-04-16,直播,美妆,4688,1312,219,111,80
2026-04-16,直播,食品,1764,765,91,56,42
2026-04-16,直播,数码,3822,1221,127,75,64
2026-04-16,直播,家清,3468,932,100,46,36
2026-04-16,广告,女装,5160,1902,270,151,110
2026-04-16,广告,美妆,3433,1558,194,111,87
2026-04-16,广告,食品,2126,512,60,31,22
2026-04-16,广告,数码,2930,1049,213,83,65
2026-04-16,广告,家清,3418,1014,116,64,50
2026-04-17,自然流量,女装,13970,3426,533,165,116
2026-04-17,自然流量,美妆,6335,1361,166,92,69
2026-04-17,自然流量,食品,7505,2482,206,82,70
2026-04-17,自然流量,数码,1785,564,102,34,24
2026-04-17,自然流量,家清,8387,2141,300,93,83
2026-04-17,搜索,女装,2023,779,74,24,17
2026-04-17,搜索,美妆,2116,822,107,64,52
2026-04-17,搜索,食品,5884,1475,178,90,63
2026-04-17,搜索,数码,4291,1638,141,49,42
2026-04-17,搜索,家清,1597,646,100,40,29
2026-04-17,推荐,女装,2924,842,128,66,53
2026-04-17,推荐,美妆,3400,837,177,60,49
2026-04-17,推荐,食品,6925,2071,308,132,92
2026-04-17,推荐,数码,1299,486,46,26,23
2026-04-17,推荐,家清,3651,1633,157,49,41
2026-04-17,直播,女装,4699,990,194,67,61
2026-04-17,直播,美妆,2119,477,87,31,26
2026-04-17,直播,食品,4479,1798,310,147,124
2026-04-17,直播,数码,5372,1413,167,67,52
2026-04-17,直播,家清,3795,1292,157,72,60
2026-04-17,广告,女装,4428,1161,155,83,72
2026-04-17,广告,美妆,3058,1283,175,96,83
2026-04-17,广告,食品,3488,871,101,42,35
2026-04-17,广告,数码,1344,502,70,35,30
2026-04-17,广告,家清,2835,785,128,56,49
2026-04-18,自然流量,女装,14897,3535,471,246,180
2026-04-18,自然流量,美妆,6139,1729,211,120,86
2026-04-18,自然流量,食品,7782,1726,364,158,123
2026-04-18,自然流量,数码,6557,2156,381,206,159
2026-04-18,自然流量,家清,2472,1085,139,53,38
2026-04-18,搜索,女装,5950,2194,236,136,100
2026-04-18,搜索,美妆,9203,2263,278,99,74
2026-04-18,搜索,食品,3919,1716,182,80,73
2026-04-18,搜索,数码,3167,1064,86,39,29
2026-04-18,搜索,家清,2696,592,110,41,30
2026-04-18,推荐,女装,3002,640,117,54,45
2026-04-18,推荐,美妆,2506,616,90,51,43
2026-04-18,推荐,食品,4733,1828,385,220,176
2026-04-18,推荐,数码,6386,1548,206,92,85
2026-04-18,推荐,家清,3362,879,134,45,37
2026-04-18,直播,女装,8344,1781,294,117,95
2026-04-18,直播,美妆,3060,763,71,24,17
2026-04-18,直播,食品,6918,1514,278,148,117
2026-04-18,直播,数码,2315,733,117,50,42
2026-04-18,直播,家清,1583,384,56,25,21
2026-04-18,广告,女装,4041,1801,186,62,44
2026-04-18,广告,美妆,5557,1181,129,39,29
2026-04-18,广告,食品,2489,827,149,62,52
2026-04-18,广告,数码,759,289,26,12,10
2026-04-18,广告,家清,3766,903,79,35,31
2026-04-19,自然流量,女装,3661,1662,137,61,44
2026-04-19,自然流量,美妆,5789,2591,251,78,64
2026-04-19,自然流量,食品,5543,1491,131,57,39
2026-04-19,自然流量,数码,4606,1584,239,82,69
2026-04-19,自然流量,家清,3089,974,103,50,44
2026-04-19,搜索,女装,7553,3103,530,178,158
2026-04-19,搜索,美妆,8660,2505,364,129,118
2026-04-19,搜索,食品,2757,985,90,36,31
2026-04-19,搜索,数码,2658,800,86,28,21
2026-04-19,搜索,家清,6501,2038,336,138,108
2026-04-19,推荐,女装,6387,1402,246,131,105
2026-04-19,推荐,美妆,3197,685,107,63,51
2026-04-19,推荐,食品,2831,983,181,79,62
2026-04-19,推荐,数码,2707,596,69,34,29
2026-04-19,推荐,家清,3109,1109,122,72,62
2026-04-19,直播,女装,4760,1174,207,126,96
2026-04-19,直播,美妆,3912,1548,327,156,109
2026-04-19,直播,食品,5602,1389,203,118,103
2026-04-19,直播,数码,4251,1384,140,77,70
2026-04-19,直播,家清,3321,862,183,83,75
2026-04-19,广告,女装,1701,693,135,77,67
2026-04-19,广告,美妆,4040,1027,163,95,77
2026-04-19,广告,食品,1906,529,75,45,39
2026-04-19,广告,数码,1416,637,127,46,40
2026-04-19,广告,家清,1486,469,56,34,31
2026-04-20,自然流量,女装,7153,2171,270,134,108
2026-04-20,自然流量,美妆,10587,2235,479,263,219
2026-04-20,自然流量,食品,2501,1130,101,41,31
2026-04-20,自然流量,数码,2311,839,181,88,74
2026-04-20,自然流量,家清,4425,954,121,63,53
2026-04-20,搜索,女装,4277,910,118,38,32
2026-04-20,搜索,美妆,3313,1435,212,116,94
2026-04-20,搜索,食品,2182,831,176,55,45
2026-04-20,搜索,数码,2394,656,98,29,23
2026-04-20,搜索,家清,4324,1410,121,38,31
2026-04-20,推荐,女装,10603,2762,259,139,104
2026-04-20,推荐,美妆,5841,2560,347,166,117
2026-04-20,推荐,食品,3356,964,153,65,46
2026-04-20,推荐,数码,2245,692,135,59,52
2026-04-20,推荐,家清,2806,1191,173,65,49
2026-04-20,直播,女装,4383,1029,144,60,42
2026-04-20,直播,美妆,3466,1390,141,45,39
2026-04-20,直播,食品,3911,1054,206,111,94
2026-04-20,直播,数码,6349,1469,173,99,69
2026-04-20,直播,家清,4203,883,180,104,94
2026-04-20,广告,女装,3650,1381,174,90,76
2026-04-20,广告,美妆,1183,445,89,53,46
2026-04-20,广告,食品,1688,397,79,38,31
2026-04-20,广告,数码,3734,844,106,57,41
2026-04-20,广告,家清,5514,1212,134,44,39
2026-04-21,自然流量,女装,12476,2784,412,227,205
2026-04-21,自然流量,美妆,4274,1073,94,37,33
2026-04-21,自然流量,食品,3527,1130,197,77,69
2026-04-21,自然流量,数码,5889,2074,273,100,87
2026-04-21,自然流量,家清,3742,1181,138,45,38
2026-04-21,搜索,女装,3812,1192,233,83,68
2026-04-21,搜索,美妆,5373,1270,161,80,58
2026-04-21,搜索,食品,5741,1936,264,134,110
2026-04-21,搜索,数码,3775,920,199,112,103
2026-04-21,搜索,家清,4034,1426,117,71,51
2026-04-21,推荐,女装,5060,1081,227,78,57
2026-04-21,推荐,美妆,3846,841,167,53,41
2026-04-21,推荐,食品,5019,2230,215,101,89
2026-04-21,推荐,数码,1948,756,140,82,59
2026-04-21,推荐,家清,2659,835,121,48,44
2026-04-21,直播,女装,2996,643,121,38,29
2026-04-21,直播,美妆,3802,1657,156,59,50
2026-04-21,直播,食品,1052,408,57,30,24
2026-04-21,直播,数码,4253,1088,173,89,64
2026-04-21,直播,家清,5591,1212,98,59,43
2026-04-21,广告,女装,3595,1291,149,91,64
2026-04-21,广告,美妆,2431,841,71,32,29
2026-04-21,广告,食品,2086,492,80,39,30
2026-04-21,广告,数码,2058,693,95,50,43
2026-04-21,广告,家清,1035,380,49,27,19
2026-04-22,自然流量,女装,5126,1334,158,92,79
2026-04-22,自然流量,美妆,3491,1562,197,65,59
2026-04-22,自然流量,食品,6597,2603,428,192,169
2026-04-22,自然流量,数码,4277,1798,174,94,82
2026-04-22,自然流量,家清,4605,1661,333,161,128
2026-04-22,搜索,女装,8891,1984,268,127,107
2026-04-22,搜索,美妆,9425,2686,236,134,111
2026-04-22,搜索,食品,5295,1294,257,157,127
2026-04-22,搜索,数码,2974,1323,251,137,108
2026-04-22,搜索,家清,5401,1364,277,163,146
2026-04-22,推荐,女装,3765,830,90,28,22
2026-04-22,推荐,美妆,3875,977,144,89,78
2026-04-22,推荐,食品,3385,714,153,68,51
2026-04-22,推荐,数码,7727,1740,174,93,68
2026-04-22,推荐,家清,1964,632,125,55,50
2026-04-22,直播,女装,6094,1744,351,177,143
2026-04-22,直播,美妆,4034,1361,241,78,69
2026-04-22,直播,食品,6572,1377,199,106,92
2026-04-22,直播,数码,1471,336,55,18,14
2026-04-22,直播,家清,3524,1117,244,102,85
2026-04-22,广告,女装,2373,605,112,53,39
2026-04-22,广告,美妆,1943,760,119,37,29
2026-04-22,广告,食品,3275,993,96,33,28
2026-04-22,广告,数码,3343,1195,141,50,36
2026-04-22,广告,家清,4606,1189,213,92,75
2026-04-23,自然流量,女装,11169,3000,618,228,176
2026-04-23,自然流量,美妆,11987,3276,532,225,189
2026-04-23,自然流量,食品,10655,2637,300,164,125
2026-04-23,自然流量,数码,4563,1260,210,127,96
2026-04-23,自然流量,家清,2837,1006,184,57,51
2026-04-23,搜索,女装,3621,966,168,83,65
2026-04-23,搜索,美妆,5718,1692,140,46,32
2026-04-23,搜索,食品,6632,2259,339,130,116
2026-04-23,搜索,数码,2434,1040,119,71,55
2026-04-23,搜索,家清,5785,2051,356,157,124
2026-04-23,推荐,女装,4633,1040,116,45,38
2026-04-23,推荐,美妆,4939,1409,254,102,81
2026-04-23,推荐,食品,4241,1347,133,82,63
2026-04-23,推荐,数码,5483,1222,147,72,56
2026-04-23,推荐,家清,3097,1017,121,47,39
2026-04-23,直播,女装,6601,1447,230,103,86
2026-04-23,直播,美妆,1722,419,87,50,38
2026-04-23,直播,食品,3294,1003,181,103,90
2026-04-23,直播,数码,3705,1180,121,63,50
2026-04-23,直播,家清,1805,414,78,43,34
2026-04-23,广告,女装,3280,731,60,21,16
2026-04-23,广告,美妆,3165,1396,252,121,86
2026-04-23,广告,食品,2851,1185,221,98,90
2026-04-23,广告,数码,909,281,44,17,15
2026-04-23,广告,家清,2192,885,151,87,76
2026-04-24,自然流量,女装,4668,1059,124,38,31
2026-04-24,自然流量,美妆,4734,1571,243,104,94
2026-04-24,自然流量,食品,5420,1963,322,156,125
2026-04-24,自然流量,数码,10821,2273,377,175,135
2026-04-24,自然流量,家清,10226,2184,231,104,77
2026-04-24,搜索,女装,3770,882,142,49,39
2026-04-24,搜索,美妆,10159,2623,390,227,175
2026-04-24,搜索,食品,6732,1511,236,106,96
2026-04-24,搜索,数码,2551,784,90,53,45
2026-04-24,搜索,家清,8280,2047,396,181,140
2026-04-24,推荐,女装,4440,1485,139,62,54
2026-04-24,推荐,美妆,8340,1909,387,167,127
2026-04-24,推荐,食品,7739,1739,220,105,77
2026-04-24,推荐,数码,5293,1663,347,190,163
2026-04-24,推荐,家清,3344,858,106,52,47
2026-04-24,直播,女装,4388,1094,220,91,79
2026-04-24,直播,美妆,6684,1550,182,90,68
2026-04-24,直播,食品,4135,1345,130,41,31
2026-04-24,直播,数码,3193,1434,116,57,46
2026-04-24,直播,家清,3660,848,87,41,28
2026-04-24,广告,女装,7184,1888,232,76,61
2026-04-24,广告,美妆,3096,1224,162,84,67
2026-04-24,广告,食品,3514,1108,237,136,114
2026-04-24,广告,数码,1333,343,37,16,11
2026-04-24,广告,家清,2473,854,156,82,72
2026-04-25,自然流量,女装,5703,1373,230,129,108
2026-04-25,自然流量,美妆,4825,2081,268,105,88
2026-04-25,自然流量,食品,6219,1890,233,74,54
2026-04-25,自然流量,数码,4718,1363,248,107,75
2026-04-25,自然流量,家清,3927,1392,128,76,62
2026-04-25,搜索,女装,3558,814,167,75,62
2026-04-25,搜索,美妆,8352,2712,363,157,116
2026-04-25,搜索,食品,6776,1767,182,111,78
2026-04-25,搜索,数码,3650,1411,269,119,109
2026-04-25,搜索,家清,2213,661,123,71,50
2026-04-25,推荐,女装,4966,1420,275,129,103
2026-04-25,推荐,美妆,5348,1124,180,91,77
2026-04-25,推荐,食品,5984,1487,317,177,143
2026-04-25,推荐,数码,6113,1945,300,146,132
2026-04-25,推荐,家清,8566,1794,329,136,96
2026-04-25,直播,女装,2289,542,88,45,38
2026-04-25,直播,美妆,3288,1070,149,44,39
2026-04-25,直播,食品,2609,892,173,71,61
2026-04-25,直播,数码,1437,542,59,25,19
2026-04-25,直播,家清,4861,1210,139,76,60
2026-04-25,广告,女装,5455,1378,222,113,83
2026-04-25,广告,美妆,2264,509,49,25,19
2026-04-25,广告,食品,4787,1482,272,120,84
2026-04-25,广告,数码,2924,821,159,75,64
2026-04-25,广告,家清,2942,834,117,57,48
2026-04-26,自然流量,女装,12040,2798,585,285,205
2026-04-26,自然流量,美妆,3807,1203,147,50,39
2026-04-26,自然流量,食品,2680,1172,126,51,43
2026-04-26,自然流量,数码,4846,1111,180,96,73
2026-04-26,自然流量,家清,2004,570,119,45,39
2026-04-26,搜索,女装,10191,3118,559,255,217
2026-04-26,搜索,美妆,4294,1429,208,115,95
2026-04-26,搜索,食品,3629,1448,267,154,131
2026-04-26,搜索,数码,4575,1972,322,146,103
2026-04-26,搜索,家清,1795,646,119,36,26
2026-04-26,推荐,女装,8093,2298,354,124,106
2026-04-26,推荐,美妆,6308,2180,466,265,219
2026-04-26,推荐,食品,3992,892,184,59,42
2026-04-26,推荐,数码,2755,619,97,33,23
2026-04-26,推荐,家清,3695,785,75,25,19
2026-04-26,直播,女装,1644,602,123,62,54
2026-04-26,直播,美妆,4178,1818,157,52,40
2026-04-26,直播,食品,8099,1725,361,168,144
2026-04-26,直播,数码,2582,904,117,43,32
2026-04-26,直播,家清,1872,823,118,52,41
2026-04-26,广告,女装,2116,849,101,60,44
2026-04-26,广告,美妆,3854,1241,239,85,59
2026-04-26,广告,食品,3291,686,135,70,55
2026-04-26,广告,数码,4526,1105,97,45,33
2026-04-26,广告,家清,1754,479,74,29,23
2026-04-27,自然流量,女装,8899,3523,333,154,130
2026-04-27,自然流量,美妆,5967,2505,541,221,159
2026-04-27,自然流量,食品,5597,1857,211,128,107
2026-04-27,自然流量,数码,3990,1517,332,101,82
2026-04-27,自然流量,家清,6946,2135,421,198,163
2026-04-27,搜索,女装,3509,837,173,58,50
2026-04-27,搜索,美妆,10562,2428,306,186,166
2026-04-27,搜索,食品,6819,1871,372,132,120
2026-04-27,搜索,数码,5577,1947,331,128,118
2026-04-27,搜索,家清,5045,1533,302,151,127
2026-04-27,推荐,女装,7672,1705,156,67,55
2026-04-27,推荐,美妆,7898,1648,133,71,65
2026-04-27,推荐,食品,5287,2155,208,109,90
2026-04-27,推荐,数码,2543,936,92,30,21
2026-04-27,推荐,家清,3703,1493,147,57,45
2026-04-27,直播,女装,6154,1729,297,93,86
2026-04-27,直播,美妆,6766,1881,314,144,127
2026-04-27,直播,食品,3178,1131,181,108,90
2026-04-27,直播,数码,7075,1476,155,53,44
2026-04-27,直播,家清,767,300,60,24,17
2026-04-27,广告,女装,3397,853,131,76,61
2026-04-27,广告,美妆,6556,1387,220,74,66
2026-04-27,广告,食品,2573,765,70,31,22
2026-04-27,广告,数码,1509,653,80,39,31
2026-04-27,广告,家清,2144,770,64,27,24
2026-04-28,自然流量,女装,16669,3667,719,348,320
2026-04-28,自然流量,美妆,4513,1964,213,131,119
2026-04-28,自然流量,食品,7110,2463,292,131,113
2026-04-28,自然流量,数码,7788,2391,347,210,179
2026-04-28,自然流量,家清,2997,723,70,25,18
2026-04-28,搜索,女装,11175,2403,399,220,163
2026-04-28,搜索,美妆,6744,2416,294,134,114
2026-04-28,搜索,食品,2735,630,54,22,20
2026-04-28,搜索,数码,4142,1241,161,67,53
2026-04-28,搜索,家清,3957,1104,138,64,54
2026-04-28,推荐,女装,6276,2655,427,244,204
2026-04-28,推荐,美妆,9888,2633,496,190,162
2026-04-28,推荐,食品,4107,1768,210,63,49
2026-04-28,推荐,数码,1934,764,104,44,31
2026-04-28,推荐,家清,2732,1053,136,66,48
2026-04-28,直播,女装,9758,2110,309,150,108
2026-04-28,直播,美妆,2608,867,149,70,53
2026-04-28,直播,食品,3872,891,182,60,51
2026-04-28,直播,数码,1877,846,138,74,63
2026-04-28,直播,家清,2755,1196,113,41,37
2026-04-28,广告,女装,4181,1229,249,133,111
2026-04-28,广告,美妆,3712,1096,96,37,27
2026-04-28,广告,食品,5410,1342,294,101,91
2026-04-28,广告,数码,2165,844,165,97,76
2026-04-28,广告,家清,3876,955,199,68,52
2026-04-29,自然流量,女装,7929,2075,367,154,128
2026-04-29,自然流量,美妆,11234,2384,242,80,56
2026-04-29,自然流量,食品,7099,2155,262,117,96
2026-04-29,自然流量,数码,5053,1663,219,72,59
2026-04-29,自然流量,家清,5092,1614,203,99,88
2026-04-29,搜索,女装,4533,1662,213,78,70
2026-04-29,搜索,美妆,7684,2439,232,100,72
2026-04-29,搜索,食品,10616,2616,230,122,95
2026-04-29,搜索,数码,6038,1775,283,149,110
2026-04-29,搜索,家清,9503,2035,232,90,68
2026-04-29,推荐,女装,3686,1407,248,87,73
2026-04-29,推荐,美妆,6638,1762,193,77,64
2026-04-29,推荐,食品,4084,1344,159,82,65
2026-04-29,推荐,数码,1173,421,57,19,15
2026-04-29,推荐,家清,5362,1309,173,105,75
2026-04-29,直播,女装,8712,2097,360,192,149
2026-04-29,直播,美妆,1448,419,90,44,36
2026-04-29,直播,食品,1410,639,68,28,22
2026-04-29,直播,数码,2498,786,116,41,32
2026-04-29,直播,家清,3942,969,142,68,63
2026-04-29,广告,女装,3129,656,117,50,40
2026-04-29,广告,美妆,7957,1713,189,64,47
2026-04-29,广告,食品,3924,1129,124,75,66
2026-04-29,广告,数码,2970,1136,245,79,61
2026-04-29,广告,家清,2138,478,99,34,28
2026-04-30,自然流量,女装,3886,1076,224,80,63
2026-04-30,自然流量,美妆,6629,2088,219,119,87
2026-04-30,自然流量,食品,8276,2006,173,61,51
2026-04-30,自然流量,数码,6320,2436,297,182,144
2026-04-30,自然流量,家清,5031,1054,228,101,92
2026-04-30,搜索,女装,11101,3124,318,150,113
2026-04-30,搜索,美妆,4199,1092,155,77,68
2026-04-30,搜索,食品,6385,2140,322,170,123
2026-04-30,搜索,数码,3081,715,135,44,33
2026-04-30,搜索,家清,5134,1085,189,115,94
2026-04-30,推荐,女装,8469,2658,582,349,268
2026-04-30,推荐,美妆,3898,1102,201,110,92
2026-04-30,推荐,食品,3737,1499,289,170,129
2026-04-30,推荐,数码,5139,1437,191,75,55
2026-04-30,推荐,家清,2769,975,189,82,70
2026-04-30,直播,女装,8904,2010,264,112,100
2026-04-30,直播,美妆,5841,1404,149,69,57
2026-04-30,直播,食品,1779,587,81,44,32
2026-04-30,直播,数码,2393,594,115,35,28
2026-04-30,直播,家清,1386,562,108,38,27
2026-04-30,广告,女装,3949,1278,144,80,59
2026-04-30,广告,美妆,3180,837,125,39,30
2026-04-30,广告,食品,1375,440,54,31,27
2026-04-30,广告,数码,4184,1034,162,68,49
2026-04-30,广告,家清,3480,761,161,49,39
2026-05-01,自然流量,女装,11420,3246,347,123,102
2026-05-01,自然流量,美妆,2224,910,86,28,23
2026-05-01,自然流量,食品,6394,2400,407,182,150
2026-05-01,自然流量,数码,2713,1150,196,90,73
2026-05-01,自然流量,家清,4366,1045,171,104,85
2026-05-01,搜索,女装,6812,1685,264,161,140
2026-05-01,搜索,美妆,11032,2688,563,200,142
2026-05-01,搜索,食品,4813,1351,142,77,59
2026-05-01,搜索,数码,4852,1064,87,31,22
2026-05-01,搜索,家清,5129,1822,157,94,83
2026-05-01,推荐,女装,3583,1156,212,100,80
2026-05-01,推荐,美妆,8605,1959,176,101,87
2026-05-01,推荐,食品,3506,861,110,40,31
2026-05-01,推荐,数码,6254,1394,172,59,50
2026-05-01,推荐,家清,2451,621,124,70,60
2026-05-01,直播,女装,5379,2117,364,119,100
2026-05-01,直播,美妆,2656,560,93,40,30
2026-05-01,直播,食品,1872,526,45,24,18
2026-05-01,直播,数码,3825,1095,146,56,47
2026-05-01,直播,家清,2877,1086,217,120,89
2026-05-01,广告,女装,6951,1512,295,103,76
2026-05-01,广告,美妆,4379,1161,107,55,42
2026-05-01,广告,食品,6180,1340,208,90,69
2026-05-01,广告,数码,997,306,33,14,10
2026-05-01,广告,家清,2587,941,131,69,59
2026-05-02,自然流量,女装,4761,1156,190,101,74
2026-05-02,自然流量,美妆,5409,1450,165,58,51
2026-05-02,自然流量,食品,7229,2160,299,147,118
2026-05-02,自然流量,数码,3720,1179,142,46,34
2026-05-02,自然流量,家清,3756,1514,264,85,63
2026-05-02,搜索,女装,1912,794,166,67,56
2026-05-02,搜索,美妆,9067,2413,231,132,100
2026-05-02,搜索,食品,4784,1125,137,75,64
2026-05-02,搜索,数码,2008,704,121,38,29
2026-05-02,搜索,家清,2793,1108,227,130,115
2026-05-02,推荐,女装,4307,1588,130,47,38
2026-05-02,推荐,美妆,4351,1306,228,77,68
2026-05-02,推荐,食品,3952,1655,153,54,45
2026-05-02,推荐,数码,5754,1498,240,94,66
2026-05-02,推荐,家清,2132,619,132,52,37
2026-05-02,直播,女装,9008,2134,318,98,80
2026-05-02,直播,美妆,7540,1908,205,97,77
2026-05-02,直播,食品,2724,911,141,73,58
2026-05-02,直播,数码,2805,897,131,58,46
2026-05-02,直播,家清,5712,1202,124,62,55
2026-05-02,广告,女装,5264,1643,335,122,97
2026-05-02,广告,美妆,2758,913,128,59,47
2026-05-02,广告,食品,3449,1473,177,56,44
2026-05-02,广告,数码,2091,669,143,45,32
2026-05-02,广告,家清,3456,958,173,76,57
2026-05-03,自然流量,女装,15480,3345,693,219,159
2026-05-03,自然流量,美妆,2823,1148,113,56,45
2026-05-03,自然流量,食品,9554,2156,211,110,88
2026-05-03,自然流量,数码,2381,831,125,45,34
2026-05-03,自然流量,家清,8418,1961,327,104,83
2026-05-03,搜索,女装,5594,1178,251,94,69
2026-05-03,搜索,美妆,3974,1442,117,35,32
2026-05-03,搜索,食品,2486,893,89,50,42
2026-05-03,搜索,数码,2772,956,110,35,27
2026-05-03,搜索,家清,3043,776,110,42,34
2026-05-03,推荐,女装,4153,1771,225,124,101
2026-05-03,推荐,美妆,2040,652,119,68,59
2026-05-03,推荐,食品,8025,2173,431,171,128
2026-05-03,推荐,数码,5510,1369,208,73,54
2026-05-03,推荐,家清,8148,1724,314,183,142
2026-05-03,直播,女装,8683,2209,336,194,170
2026-05-03,直播,美妆,2201,777,147,48,38
2026-05-03,直播,食品,2569,540,100,42,33
2026-05-03,直播,数码,2079,668,89,43,30
2026-05-03,直播,家清,3065,916,156,94,70
2026-05-03,广告,女装,7274,1725,372,169,150
2026-05-03,广告,美妆,1887,806,157,55,41
2026-05-03,广告,食品,3116,1149,201,122,108
2026-05-03,广告,数码,2843,1017,175,96,80
2026-05-03,广告,家清,4487,1000,203,75,63
2026-05-04,自然流量,女装,3211,1035,187,103,87
2026-05-04,自然流量,美妆,4570,1350,116,43,37
2026-05-04,自然流量,食品,5027,1491,146,89,62
2026-05-04,自然流量,数码,2592,940,182,104,73
2026-05-04,自然流量,家清,2706,874,138,67,47
2026-05-04,搜索,女装,5894,1765,353,121,105
2026-05-04,搜索,美妆,9435,2784,351,204,147
2026-05-04,搜索,食品,3603,1271,125,41,38
2026-05-04,搜索,数码,1970,778,125,51,47
2026-05-04,搜索,家清,2600,610,130,60,47
2026-05-04,推荐,女装,7279,2505,229,140,106
2026-05-04,推荐,美妆,4269,1719,281,147,126
2026-05-04,推荐,食品,7410,2054,279,88,69
2026-05-04,推荐,数码,4206,955,209,115,82
2026-05-04,推荐,家清,2821,719,67,37,28
2026-05-04,直播,女装,4768,1337,262,120,96
2026-05-04,直播,美妆,1282,536,108,62,53
2026-05-04,直播,食品,3490,747,128,69,48
2026-05-04,直播,数码,4972,1472,199,71,63
2026-05-04,直播,家清,1326,547,89,38,34
2026-05-04,广告,女装,4029,1327,228,74,58
2026-05-04,广告,美妆,2984,1254,195,67,47
2026-05-04,广告,食品,1002,447,36,20,15
2026-05-04,广告,数码,3310,776,165,51,42
2026-05-04,广告,家清,2095,749,111,54,47
2026-05-05,自然流量,女装,9380,2221,468,274,240
2026-05-05,自然流量,美妆,3007,1262,162,75,63
2026-05-05,自然流量,食品,3613,1110,162,81,62
2026-05-05,自然流量,数码,4838,1361,211,95,71
2026-05-05,自然流量,家清,2699,857,103,41,30
2026-05-05,搜索,女装,10047,2941,592,359,266
2026-05-05,搜索,美妆,6104,2474,285,139,128
2026-05-05,搜索,食品,7018,1849,387,129,107
2026-05-05,搜索,数码,5032,1228,248,151,139
2026-05-05,搜索,家清,3122,1163,111,63,47
2026-05-05,推荐,女装,5866,1556,185,87,75
2026-05-05,推荐,美妆,1987,625,103,46,33
2026-05-05,推荐,食品,4837,1650,250,81,59
2026-05-05,推荐,数码,5819,1559,204,80,73
2026-05-05,推荐,家清,1163,486,89,52,39
2026-05-05,直播,女装,6691,1474,138,45,39
2026-05-05,直播,美妆,2898,640,107,42,36
2026-05-05,直播,食品,1602,681,109,40,33
2026-05-05,直播,数码,3203,1038,166,87,76
2026-05-05,直播,家清,3558,1189,246,91,76
2026-05-05,广告,女装,4054,1698,171,62,52
2026-05-05,广告,美妆,6065,1344,251,108,94
2026-05-05,广告,食品,5219,1457,282,172,150
2026-05-05,广告,数码,1116,366,39,14,10
2026-05-05,广告,家清,2360,498,56,27,24
2026-05-06,自然流量,女装,5033,1225,218,70,62
2026-05-06,自然流量,美妆,4742,1216,132,79,58
2026-05-06,自然流量,食品,7431,2013,255,153,126
2026-05-06,自然流量,数码,5456,2079,250,85,77
2026-05-06,自然流量,家清,3861,1253,224,87,71
2026-05-06,搜索,女装,7392,1839,222,128,116
2026-05-06,搜索,美妆,4694,1496,243,128,95
2026-05-06,搜索,食品,3197,988,127,51,37
2026-05-06,搜索,数码,3721,1081,123,55,44
2026-05-06,搜索,家清,3454,1165,133,60,44
2026-05-06,推荐,女装,10065,2707,443,186,142
2026-05-06,推荐,美妆,2889,1091,186,62,44
2026-05-06,推荐,食品,3506,746,107,32,28
2026-05-06,推荐,数码,4449,1205,225,69,63
2026-05-06,推荐,家清,2285,840,157,94,71
2026-05-06,直播,女装,2621,674,96,46,38
2026-05-06,直播,美妆,4200,1157,171,84,60
2026-05-06,直播,食品,4437,1113,106,45,33
2026-05-06,直播,数码,4614,1131,218,83,62
2026-05-06,直播,家清,2576,853,76,33,29
2026-05-06,广告,女装,4306,1222,150,92,72
2026-05-06,广告,美妆,1692,421,38,15,12
2026-05-06,广告,食品,3533,967,87,42,37
2026-05-06,广告,数码,3987,1159,200,114,91
2026-05-06,广告,家清,3094,1120,101,35,32
2026-05-07,自然流量,女装,8636,2276,195,104,93
2026-05-07,自然流量,美妆,9077,2421,318,103,90
2026-05-07,自然流量,食品,2209,777,162,77,56
2026-05-07,自然流量,数码,3687,1424,204,76,60
2026-05-07,自然流量,家清,5594,1306,206,124,91
2026-05-07,搜索,女装,7304,2437,229,89,69
2026-05-07,搜索,美妆,4051,1280,115,38,33
2026-05-07,搜索,食品,7047,2279,431,180,134
2026-05-07,搜索,数码,5928,1508,232,76,59
2026-05-07,搜索,家清,1705,456,59,25,19
2026-05-07,推荐,女装,3941,977,126,54,40
2026-05-07,推荐,美妆,1955,556,69,34,26
2026-05-07,推荐,食品,6550,2003,372,226,188
2026-05-07,推荐,数码,3626,1211,226,130,108
2026-05-07,推荐,家清,5456,1496,306,164,149
2026-05-07,直播,女装,6090,1836,287,104,90
2026-05-07,直播,美妆,7185,1546,339,192,138
2026-05-07,直播,食品,4383,1266,232,102,91
2026-05-07,直播,数码,5007,1245,124,59,49
2026-05-07,直播,家清,2183,959,178,94,73
2026-05-07,广告,女装,7514,1886,362,198,157
2026-05-07,广告,美妆,4559,1402,162,90,79
2026-05-07,广告,食品,2466,1055,220,116,104
2026-05-07,广告,数码,3854,1139,157,70,51
2026-05-07,广告,家清,3494,906,93,48,43
2026-05-08,自然流量,女装,7753,2756,237,74,67
2026-05-08,自然流量,美妆,12285,2928,348,107,95
2026-05-08,自然流量,食品,4420,1732,360,205,158
2026-05-08,自然流量,数码,4964,2187,184,82,73
2026-05-08,自然流量,家清,3703,1092,133,74,55
2026-05-08,搜索,女装,5436,1678,272,163,138
2026-05-08,搜索,美妆,1977,653,101,48,42
2026-05-08,搜索,食品,1547,680,98,48,41
2026-05-08,搜索,数码,3147,977,157,63,48
2026-05-08,搜索,家清,3144,1100,114,48,44
2026-05-08,推荐,女装,8372,2336,491,217,170
2026-05-08,推荐,美妆,6475,1904,153,51,43
2026-05-08,推荐,食品,3213,688,55,17,15
2026-05-08,推荐,数码,4148,879,144,84,70
2026-05-08,推荐,家清,3271,1414,130,54,41
2026-05-08,直播,女装,7862,2209,216,90,80
2026-05-08,直播,美妆,3801,1598,169,91,79
2026-05-08,直播,食品,5415,1388,296,104,92
2026-05-08,直播,数码,4303,945,160,62,49
2026-05-08,直播,家清,2991,970,181,77,69
2026-05-08,广告,女装,3218,721,80,37,26
2026-05-08,广告,美妆,2316,905,131,65,53
2026-05-08,广告,食品,2995,872,84,41,29
2026-05-08,广告,数码,2263,478,94,49,40
2026-05-08,广告,家清,3496,826,117,62,44
2026-05-09,自然流量,女装,14187,3042,595,266,216
2026-05-09,自然流量,美妆,6990,2327,237,75,68
2026-05-09,自然流量,食品,3612,965,176,78,66
2026-05-09,自然流量,数码,5266,1644,321,111,89
2026-05-09,自然流量,家清,4787,1282,248,119,105
2026-05-09,搜索,女装,3067,1216,125,62,52
2026-05-09,搜索,美妆,10290,2382,481,297,266
2026-05-09,搜索,食品,10321,2373,191,72,57
2026-05-09,搜索,数码,5360,1429,179,54,39
2026-05-09,搜索,家清,4214,1335,167,63,47
2026-05-09,推荐,女装,8905,2762,604,215,188
2026-05-09,推荐,美妆,8460,1938,220,87,74
2026-05-09,推荐,食品,2754,661,115,54,43
2026-05-09,推荐,数码,5732,1561,211,93,81
2026-05-09,推荐,家清,4885,1055,232,129,95
2026-05-09,直播,女装,1625,536,96,54,49
2026-05-09,直播,美妆,2988,670,105,54,47
2026-05-09,直播,食品,4259,1469,166,91,65
2026-05-09,直播,数码,1199,372,33,16,12
2026-05-09,直播,家清,6305,1334,146,87,62
2026-05-09,广告,女装,4797,1542,171,51,41
2026-05-09,广告,美妆,4084,960,125,48,36
2026-05-09,广告,食品,2820,1045,179,58,44
2026-05-09,广告,数码,1345,284,35,13,9
2026-05-09,广告,家清,5042,1148,207,83,69
2026-05-10,自然流量,女装,5899,1267,103,38,35
2026-05-10,自然流量,美妆,12548,3140,514,307,282
2026-05-10,自然流量,食品,13119,2952,344,161,145
2026-05-10,自然流量,数码,7207,1605,131,60,51
2026-05-10,自然流量,家清,9030,2299,483,168,153
2026-05-10,搜索,女装,5428,1535,185,102,75
2026-05-10,搜索,美妆,3792,1159,119,60,48
2026-05-10,搜索,食品,2776,921,154,77,55
2026-05-10,搜索,数码,5417,1857,380,117,95
2026-05-10,搜索,家清,8857,1980,366,115,100
2026-05-10,推荐,女装,2044,636,104,46,42
2026-05-10,推荐,美妆,2818,764,68,41,29
2026-05-10,推荐,食品,8841,1859,166,55,44
2026-05-10,推荐,数码,7982,1932,194,90,81
2026-05-10,推荐,家清,1908,464,61,25,18
2026-05-10,直播,女装,6496,1608,276,140,121
2026-05-10,直播,美妆,6692,1395,270,139,111
2026-05-10,直播,食品,6250,1511,250,134,118
2026-05-10,直播,数码,1659,354,58,20,14
2026-05-10,直播,家清,6171,1336,168,53,39
2026-05-10,广告,女装,5514,1398,222,100,78
2026-05-10,广告,美妆,1886,600,69,35,28
2026-05-10,广告,食品,2868,1044,174,103,91
2026-05-10,广告,数码,1692,582,56,23,20
2026-05-10,广告,家清,4583,978,195,59,54
2026-05-11,自然流量,女装,11841,2789,496,199,165
2026-05-11,自然流量,美妆,2500,726,68,26,18
2026-05-11,自然流量,食品,10401,2232,273,89,66
2026-05-11,自然流量,数码,3141,1094,136,77,70
2026-05-11,自然流量,家清,5109,2084,369,195,150
2026-05-11,搜索,女装,2123,779,163,50,46
2026-05-11,搜索,美妆,6872,1769,272,121,101
2026-05-11,搜索,食品,2715,781,67,39,33
2026-05-11,搜索,数码,2030,913,161,60,53
2026-05-11,搜索,家清,4183,996,156,73,61
2026-05-11,推荐,女装,8391,2645,270,131,92
2026-05-11,推荐,美妆,7765,2394,457,283,225
2026-05-11,推荐,食品,7668,2311,474,222,162
2026-05-11,推荐,数码,2874,796,125,42,32
2026-05-11,推荐,家清,3416,1264,153,83,59
2026-05-11,直播,女装,7170,2097,258,110,78
2026-05-11,直播,美妆,3696,833,132,55,43
2026-05-11,直播,食品,1720,670,62,22,16
2026-05-11,直播,数码,2742,589,126,71,64
2026-05-11,直播,家清,2323,706,107,51,46
2026-05-11,广告,女装,2346,680,75,45,36
2026-05-11,广告,美妆,2577,1006,218,95,87
2026-05-11,广告,食品,4336,1152,171,79,63
2026-05-11,广告,数码,3703,1125,224,91,77
2026-05-11,广告,家清,907,285,28,9,7
2026-05-12,自然流量,女装,6902,2453,312,110,99
2026-05-12,自然流量,美妆,5689,2358,516,290,256
2026-05-12,自然流量,食品,9440,2872,596,303,277
2026-05-12,自然流量,数码,6881,1996,359,111,91
2026-05-12,自然流量,家清,4701,995,204,111,98
2026-05-12,搜索,女装,11401,2839,441,158,138
2026-05-12,搜索,美妆,6902,2560,558,310,281
2026-05-12,搜索,食品,9268,2522,447,147,111
2026-05-12,搜索,数码,4808,1253,225,129,96
2026-05-12,搜索,家清,2063,613,123,59,50
2026-05-12,推荐,女装,8839,2751,339,148,107
2026-05-12,推荐,美妆,5611,1908,388,154,143
2026-05-12,推荐,食品,7245,1849,375,157,133
2026-05-12,推荐,数码,6251,1903,325,148,112
2026-05-12,推荐,家清,1199,397,63,28,20
2026-05-12,直播,女装,3681,840,93,56,49
2026-05-12,直播,美妆,2570,1046,223,87,67
2026-05-12,直播,食品,5262,1764,323,136,97
2026-05-12,直播,数码,1308,424,69,36,33
2026-05-12,直播,家清,2530,1131,122,46,42
2026-05-12,广告,女装,2316,1039,207,87,72
2026-05-12,广告,美妆,4419,1280,210,120,86
2026-05-12,广告,食品,1778,694,86,43,37
2026-05-12,广告,数码,1466,451,59,18,16
2026-05-12,广告,家清,3289,770,70,37,32
2026-05-13,自然流量,女装,5147,1575,163,62,46
2026-05-13,自然流量,美妆,8454,2206,405,212,191
2026-05-13,自然流量,食品,4384,1808,292,158,135
2026-05-13,自然流量,数码,4272,1775,214,101,78
2026-05-13,自然流量,家清,3286,1009,221,73,52
2026-05-13,搜索,女装,4178,1201,115,44,40
2026-05-13,搜索,美妆,4519,1822,284,120,110
2026-05-13,搜索,食品,1918,583,124,53,47
2026-05-13,搜索,数码,5778,1735,159,52,37
2026-05-13,搜索,家清,2908,654,103,47,43
2026-05-13,推荐,女装,6529,1693,336,126,91
2026-05-13,推荐,美妆,3379,1404,255,145,110
2026-05-13,推荐,食品,7694,2324,223,107,84
2026-05-13,推荐,数码,2826,755,80,38,35
2026-05-13,推荐,家清,7149,1833,395,200,146
2026-05-13,直播,女装,4024,908,73,35,26
2026-05-13,直播,美妆,2350,787,121,57,52
2026-05-13,直播,食品,2801,926,158,68,61
2026-05-13,直播,数码,4773,1431,282,134,112
2026-05-13,直播,家清,1124,389,72,22,18
2026-05-13,广告,女装,5348,1400,296,100,73
2026-05-13,广告,美妆,1078,396,66,31,22
2026-05-13,广告,食品,2589,936,202,113,84
2026-05-13,广告,数码,2100,682,99,41,34
2026-05-13,广告,家清,2603,619,65,31,28
2026-05-14,自然流量,女装,11117,2553,259,114,103
2026-05-14,自然流量,美妆,3214,708,86,37,28
2026-05-14,自然流量,食品,11427,2531,361,121,96
2026-05-14,自然流量,数码,3209,814,161,94,79
2026-05-14,自然流量,家清,5568,1587,304,166,150
2026-05-14,搜索,女装,5869,1544,267,114,100
2026-05-14,搜索,美妆,8379,1900,402,196,177
2026-05-14,搜索,食品,3000,1203,184,108,76
2026-05-14,搜索,数码,2451,785,111,56,42
2026-05-14,搜索,家清,5852,1421,302,123,92
2026-05-14,推荐,女装,5344,1952,326,124,110
2026-05-14,推荐,美妆,7651,1857,363,115,96
2026-05-14,推荐,食品,2932,634,127,48,35
2026-05-14,推荐,数码,5784,1348,145,89,81
2026-05-14,推荐,家清,2868,726,155,69,62
2026-05-14,直播,女装,4871,1431,284,157,116
2026-05-14,直播,美妆,6870,1751,296,100,89
2026-05-14,直播,食品,4234,1089,173,98,71
2026-05-14,直播,数码,3539,1117,166,86,67
2026-05-14,直播,家清,3217,840,130,41,37
2026-05-14,广告,女装,3645,1087,150,59,53
2026-05-14,广告,美妆,1732,554,73,40,33
2026-05-14,广告,食品,3473,1005,106,53,37
2026-05-14,广告,数码,1390,346,57,30,26
2026-05-14,广告,家清,4367,1156,246,146,125
2026-05-15,自然流量,女装,8243,2435,499,157,124
2026-05-15,自然流量,美妆,5753,1839,184,85,78
2026-05-15,自然流量,食品,2730,1196,143,68,54
2026-05-15,自然流量,数码,6592,1957,163,92,65
2026-05-15,自然流量,家清,4002,1803,301,110,85
2026-05-15,搜索,女装,8356,2506,270,97,85
2026-05-15,搜索,美妆,5717,1628,323,136,126
2026-05-15,搜索,食品,3602,858,185,87,66
2026-05-15,搜索,数码,2593,1025,115,43,30
2026-05-15,搜索,家清,3311,726,144,70,60
2026-05-15,推荐,女装,6754,1933,240,135,119
2026-05-15,推荐,美妆,8316,1746,188,78,69
2026-05-15,推荐,食品,9050,2106,289,109,83
2026-05-15,推荐,数码,4929,1252,262,108,83
2026-05-15,推荐,家清,5334,1613,341,207,187
2026-05-15,直播,女装,2920,1123,125,66,56
2026-05-15,直播,美妆,2994,958,147,68,59
2026-05-15,直播,食品,2246,497,89,43,38
2026-05-15,直播,数码,4586,1423,199,91,81
2026-05-15,直播,家清,2206,676,113,66,55
2026-05-15,广告,女装,5121,1135,148,50,44
2026-05-15,广告,美妆,6531,1708,248,147,115
2026-05-15,广告,食品,2492,1071,90,50,45
2026-05-15,广告,数码,2592,1152,164,89,80
2026-05-15,广告,家清,1708,501,93,50,46
2026-05-16,自然流量,女装,5710,1210,149,60,50
2026-05-16,自然流量,美妆,4833,1078,224,84,77
2026-05-16,自然流量,食品,1993,746,131,44,36
2026-05-16,自然流量,数码,2067,638,69,38,32
2026-05-16,自然流量,家清,7466,2234,410,160,143
2026-05-16,搜索,女装,12193,2545,305,149,127
2026-05-16,搜索,美妆,12559,2895,249,102,76
2026-05-16,搜索,食品,7554,1810,267,100,83
2026-05-16,搜索,数码,6585,1672,345,115,100
2026-05-16,搜索,家清,5438,1640,305,161,148
2026-05-16,推荐,女装,3551,836,128,54,44
2026-05-16,推荐,美妆,7291,2497,410,243,209
2026-05-16,推荐,食品,1549,612,65,22,17
2026-05-16,推荐,数码,6532,1808,324,151,133
2026-05-16,推荐,家清,3885,1463,271,118,108
2026-05-16,直播,女装,1805,468,39,12,9
2026-05-16,直播,美妆,2610,701,145,80,68
2026-05-16,直播,食品,2440,531,97,52,41
2026-05-16,直播,数码,1906,796,117,71,51
2026-05-16,直播,家清,5205,1105,219,72,62
2026-05-16,广告,女装,3261,741,95,33,26
2026-05-16,广告,美妆,2309,732,70,30,25
2026-05-16,广告,食品,1037,328,56,20,16
2026-05-16,广告,数码,2319,850,158,81,65
2026-05-16,广告,家清,3240,951,162,80,60
2026-05-17,自然流量,女装,9057,1890,253,123,105
2026-05-17,自然流量,美妆,9272,2615,394,187,150
2026-05-17,自然流量,食品,2916,946,172,83,66
2026-05-17,自然流量,数码,8815,2089,224,137,123
2026-05-17,自然流量,家清,2528,632,95,31,25
2026-05-17,搜索,女装,2168,925,161,56,41
2026-05-17,搜索,美妆,6417,1928,183,62,52
2026-05-17,搜索,食品,4099,1214,177,79,65
2026-05-17,搜索,数码,5092,1423,216,101,93
2026-05-17,搜索,家清,4802,1154,182,70,58
2026-05-17,推荐,女装,4293,1763,242,99,77
2026-05-17,推荐,美妆,11638,2505,230,104,89
2026-05-17,推荐,食品,2255,937,184,62,55
2026-05-17,推荐,数码,3173,1309,216,64,57
2026-05-17,推荐,家清,4010,1038,190,65,57
2026-05-17,直播,女装,2712,670,118,61,45
2026-05-17,直播,美妆,7763,1929,246,127,112
2026-05-17,直播,食品,3586,894,142,45,39
2026-05-17,直播,数码,4370,939,194,90,64
2026-05-17,直播,家清,3387,888,173,57,41
2026-05-17,广告,女装,7764,1929,318,147,107
2026-05-17,广告,美妆,3488,742,136,53,48
2026-05-17,广告,食品,1735,395,66,29,22
2026-05-17,广告,数码,3230,697,67,25,20
2026-05-17,广告,家清,2189,888,97,57,48
2026-05-18,自然流量,女装,9347,2673,359,168,137
2026-05-18,自然流量,美妆,8345,2393,250,96,85
2026-05-18,自然流量,食品,2840,945,160,83,62
2026-05-18,自然流量,数码,7062,2069,262,95,82
2026-05-18,自然流量,家清,8882,2075,236,106,74
2026-05-18,搜索,女装,9861,2473,374,179,163
2026-05-18,搜索,美妆,2934,1076,137,59,42
2026-05-18,搜索,食品,3794,985,170,79,57
2026-05-18,搜索,数码,3286,1369,181,67,61
2026-05-18,搜索,家清,2400,507,108,58,46
2026-05-18,推荐,女装,4151,957,92,41,32
2026-05-18,推荐,美妆,2932,991,199,113,99
2026-05-18,推荐,食品,9997,2175,330,153,127
2026-05-18,推荐,数码,7074,1755,256,86,67
2026-05-18,推荐,家清,2519,585,57,29,22
2026-05-18,直播,女装,6322,1683,351,186,151
2026-05-18,直播,美妆,5577,1277,142,78,70
2026-05-18,直播,食品,1686,576,85,28,19
2026-05-18,直播,数码,6157,1406,121,44,33
2026-05-18,直播,家清,3540,1283,117,40,36
2026-05-18,广告,女装,7219,1911,325,184,143
2026-05-18,广告,美妆,4628,1068,180,78,65
2026-05-18,广告,食品,4965,1555,164,98,71
2026-05-18,广告,数码,1248,458,64,23,18
2026-05-18,广告,家清,2904,1020,113,63,50
2026-05-19,自然流量,女装,5745,2329,392,204,167
2026-05-19,自然流量,美妆,8243,2248,455,257,191
2026-05-19,自然流量,食品,4659,1115,156,82,73
2026-05-19,自然流量,数码,8902,2264,390,204,168
2026-05-19,自然流量,家清,3891,1372,224,85,75
2026-05-19,搜索,女装,6188,2519,341,132,108
2026-05-19,搜索,美妆,7789,1783,166,77,67
2026-05-19,搜索,食品,11621,2532,260,129,105
2026-05-19,搜索,数码,4216,1631,159,80,62
2026-05-19,搜索,家清,1990,534,77,25,19
2026-05-19,推荐,女装,11852,2915,386,133,117
2026-05-19,推荐,美妆,6521,2119,280,129,110
2026-05-19,推荐,食品,4889,1552,331,113,80
2026-05-19,推荐,数码,2532,648,57,32,26
2026-05-19,推荐,家清,1781,789,136,77,58
2026-05-19,直播,女装,8748,2114,345,154,110
2026-05-19,直播,美妆,1867,753,142,73,56
2026-05-19,直播,食品,4265,1011,180,54,42
2026-05-19,直播,数码,4802,1132,170,63,58
2026-05-19,直播,家清,4468,982,129,67,52
2026-05-19,广告,女装,2620,1188,253,139,112
2026-05-19,广告,美妆,3694,1048,135,82,68
2026-05-19,广告,食品,7134,1508,270,121,104
2026-05-19,广告,数码,2538,634,94,58,46
2026-05-19,广告,家清,1078,378,37,15,12
2026-05-20,自然流量,女装,4201,1150,217,66,56
2026-05-20,自然流量,美妆,5289,2329,202,107,93
2026-05-20,自然流量,食品,1899,836,133,67,50
2026-05-20,自然流量,数码,4193,1302,104,35,27
2026-05-20,自然流量,家清,2417,513,84,42,31
2026-05-20,搜索,女装,9306,2175,205,107,78
2026-05-20,搜索,美妆,4591,1466,270,83,72
2026-05-20,搜索,食品,8598,2308,346,190,147
2026-05-20,搜索,数码,2531,696,79,36,26
2026-05-20,搜索,家清,5288,1719,299,164,139
2026-05-20,推荐,女装,6833,1867,259,128,110
2026-05-20,推荐,美妆,5132,2192,463,262,204
2026-05-20,推荐,食品,7163,1563,273,116,82
2026-05-20,推荐,数码,940,418,72,43,32
2026-05-20,推荐,家清,2504,619,124,40,31
2026-05-20,直播,女装,4424,1345,137,81,71
2026-05-20,直播,美妆,5113,1858,201,91,78
2026-05-20,直播,食品,3118,1265,157,75,62
2026-05-20,直播,数码,5633,1414,193,100,91
2026-05-20,直播,家清,1275,410,58,34,24
2026-05-20,广告,女装,2639,658,78,41,30
2026-05-20,广告,美妆,5655,1227,171,93,86
2026-05-20,广告,食品,2544,880,103,54,41
2026-05-20,广告,数码,4355,1252,186,90,79
2026-05-20,广告,家清,1717,395,56,30,22
2026-05-21,自然流量,女装,4753,1159,130,44,36
2026-05-21,自然流量,美妆,6512,2875,431,142,103
2026-05-21,自然流量,食品,6364,2508,368,160,125
2026-05-21,自然流量,数码,6769,2431,325,138,101
2026-05-21,自然流量,家清,4552,1883,359,132,106
2026-05-21,搜索,女装,15293,3238,328,184,132
2026-05-21,搜索,美妆,10097,2311,200,70,64
2026-05-21,搜索,食品,4623,1705,313,168,135
2026-05-21,搜索,数码,3834,1290,151,76,67
2026-05-21,搜索,家清,1335,456,70,25,22
2026-05-21,推荐,女装,11050,2516,382,143,111
2026-05-21,推荐,美妆,8569,2180,198,81,68
2026-05-21,推荐,食品,2920,850,69,26,23
2026-05-21,推荐,数码,7640,1655,170,71,63
2026-05-21,推荐,家清,2187,741,102,38,34
2026-05-21,直播,女装,1942,797,72,39,31
2026-05-21,直播,美妆,2349,526,47,27,22
2026-05-21,直播,食品,3352,740,98,54,50
2026-05-21,直播,数码,5448,1205,206,121,103
2026-05-21,直播,家清,4964,1124,190,84,67
2026-05-21,广告,女装,2768,796,120,49,39
2026-05-21,广告,美妆,1678,607,122,38,30
2026-05-21,广告,食品,3393,733,160,98,72
2026-05-21,广告,数码,1577,379,82,46,36
2026-05-21,广告,家清,1769,429,61,22,17
2026-05-22,自然流量,女装,9341,2446,371,221,181
2026-05-22,自然流量,美妆,5184,1744,375,144,104
2026-05-22,自然流量,食品,4845,1703,216,93,78
2026-05-22,自然流量,数码,9370,2142,220,76,57
2026-05-22,自然流量,家清,4953,1445,290,127,97
2026-05-22,搜索,女装,9086,2349,472,177,136
2026-05-22,搜索,美妆,7416,2579,405,182,157
2026-05-22,搜索,食品,9399,2409,308,183,141
2026-05-22,搜索,数码,5332,1371,118,49,41
2026-05-22,搜索,家清,4556,1093,178,75,68
2026-05-22,推荐,女装,7763,2488,489,222,175
2026-05-22,推荐,美妆,8353,2539,393,209,157
2026-05-22,推荐,食品,5797,1594,144,82,58
2026-05-22,推荐,数码,2539,530,84,34,30
2026-05-22,推荐,家清,4364,1499,307,128,109
2026-05-22,直播,女装,1577,570,79,28,20
2026-05-22,直播,美妆,3039,1342,171,68,55
2026-05-22,直播,食品,2962,1222,198,115,85
2026-05-22,直播,数码,4340,1146,110,42,33
2026-05-22,直播,家清,2239,662,58,20,14
2026-05-22,广告,女装,4719,1011,137,70,50
2026-05-22,广告,美妆,3921,1701,195,75,63
2026-05-22,广告,食品,4625,1422,261,141,122
2026-05-22,广告,数码,1207,365,65,29,24
2026-05-22,广告,家清,1929,539,88,36,31
2026-05-23,自然流量,女装,5563,1517,130,50,40
2026-05-23,自然流量,美妆,12286,2948,642,298,270
2026-05-23,自然流量,食品,6470,2728,258,145,111
2026-05-23,自然流量,数码,7619,2404,520,173,143
2026-05-23,自然流量,家清,6112,1642,188,96,86
2026-05-23,搜索,女装,3340,1478,264,141,125
2026-05-23,搜索,美妆,6968,1905,235,120,105
2026-05-23,搜索,食品,3302,847,87,50,41
2026-05-23,搜索,数码,3489,829,139,82,68
2026-05-23,搜索,家清,3658,1514,320,113,83
2026-05-23,推荐,女装,9473,2192,428,228,199
2026-05-23,推荐,美妆,7710,2072,338,178,162
2026-05-23,推荐,食品,2594,627,95,52,40
2026-05-23,推荐,数码,2060,786,117,52,36
2026-05-23,推荐,家清,3857,984,85,49,36
2026-05-23,直播,女装,3316,1361,210,115,97
2026-05-23,直播,美妆,4527,1418,174,90,71
2026-05-23,直播,食品,4296,1422,231,94,85
2026-05-23,直播,数码,1618,559,91,41,37
2026-05-23,直播,家清,1753,593,53,17,14
2026-05-23,广告,女装,4939,1353,172,70,54
2026-05-23,广告,美妆,5212,1590,174,98,78
2026-05-23,广告,食品,1326,455,98,60,42
2026-05-23,广告,数码,4157,1171,156,56,43
2026-05-23,广告,家清,1771,740,67,20,14
2026-05-24,自然流量,女装,9620,2290,343,118,105
2026-05-24,自然流量,美妆,3916,1062,138,56,42
2026-05-24,自然流量,食品,8715,2101,218,71,52
2026-05-24,自然流量,数码,4117,1159,243,92,79
2026-05-24,自然流量,家清,5480,1212,124,39,32
2026-05-24,搜索,女装,3477,875,191,82,68
2026-05-24,搜索,美妆,6131,1286,165,90,64
2026-05-24,搜索,食品,6157,2229,220,86,73
2026-05-24,搜索,数码,3581,1387,216,75,59
2026-05-24,搜索,家清,3999,1400,186,107,94
2026-05-24,推荐,女装,3905,1131,154,70,51
2026-05-24,推荐,美妆,4695,1613,344,174,147
2026-05-24,推荐,食品,5235,1144,136,61,46
2026-05-24,推荐,数码,3787,1030,99,56,40
2026-05-24,推荐,家清,5742,1198,242,132,110
2026-05-24,直播,女装,7589,1768,287,111,88
2026-05-24,直播,美妆,4057,1059,156,73,53
2026-05-24,直播,食品,4404,1220,130,66,55
2026-05-24,直播,数码,1332,535,117,67,55
2026-05-24,直播,家清,3917,1404,209,107,90
2026-05-24,广告,女装,4915,1828,378,145,107
2026-05-24,广告,美妆,4362,930,171,71,57
2026-05-24,广告,食品,3128,886,179,92,70
2026-05-24,广告,数码,3843,932,86,48,36
2026-05-24,广告,家清,2681,1071,111,39,30
2026-05-25,自然流量,女装,8064,1698,140,53,43
2026-05-25,自然流量,美妆,11324,3001,539,334,300
2026-05-25,自然流量,食品,9109,2127,289,115,102
2026-05-25,自然流量,数码,5305,2018,374,210,194
2026-05-25,自然流量,家清,3625,808,116,63,53
2026-05-25,搜索,女装,6422,1695,256,143,115
2026-05-25,搜索,美妆,10001,2711,497,166,120
2026-05-25,搜索,食品,3397,1431,207,111,101
2026-05-25,搜索,数码,1194,507,41,20,16
2026-05-25,搜索,家清,3511,1374,294,146,102
2026-05-25,推荐,女装,7862,2628,350,160,112
2026-05-25,推荐,美妆,5189,1646,360,195,148
2026-05-25,推荐,食品,5229,2192,216,111,84
2026-05-25,推荐,数码,1733,592,53,24,21
2026-05-25,推荐,家清,5251,1368,241,127,98
2026-05-25,直播,女装,4295,1228,172,104,96
2026-05-25,直播,美妆,6821,1704,371,165,133
2026-05-25,直播,食品,7306,1785,237,87,62
2026-05-25,直播,数码,1302,344,64,33,28
2026-05-25,直播,家清,2558,944,158,90,81
2026-05-25,广告,女装,2657,723,73,26,20
2026-05-25,广告,美妆,1949,796,68,26,20
2026-05-25,广告,食品,2273,672,123,42,37
2026-05-25,广告,数码,1495,555,62,27,23
2026-05-25,广告,家清,1894,859,156,47,38
2026-05-26,自然流量,女装,7932,2890,512,280,239
2026-05-26,自然流量,美妆,3867,1009,216,68,54
2026-05-26,自然流量,食品,5379,1970,373,142,131
2026-05-26,自然流量,数码,8666,2338,272,122,88
2026-05-26,自然流量,家清,6311,1430,235,120,88
2026-05-26,搜索,女装,6156,1368,178,72,52
2026-05-26,搜索,美妆,4547,1729,310,157,123
2026-05-26,搜索,食品,5454,2457,366,175,129
2026-05-26,搜索,数码,6244,1671,358,142,111
2026-05-26,搜索,家清,2503,706,121,58,48
2026-05-26,推荐,女装,6988,2385,376,136,98
2026-05-26,推荐,美妆,5450,2356,475,257,210
2026-05-26,推荐,食品,7034,2126,205,84,76
2026-05-26,推荐,数码,5240,1111,137,66,53
2026-05-26,推荐,家清,5859,1390,198,117,96
2026-05-26,直播,女装,6865,1930,240,113,96
2026-05-26,直播,美妆,4122,1612,155,74,58
2026-05-26,直播,食品,4853,1072,108,47,38
2026-05-26,直播,数码,3088,717,124,73,62
2026-05-26,直播,家清,2192,664,138,74,60
2026-05-26,广告,女装,5789,1317,172,77,55
2026-05-26,广告,美妆,1855,658,107,38,32
2026-05-26,广告,食品,2765,1052,161,52,41
2026-05-26,广告,数码,2256,558,86,45,39
2026-05-26,广告,家清,1415,349,30,15,11
2026-05-27,自然流量,女装,9683,2468,313,114,80
2026-05-27,自然流量,美妆,10414,2476,329,167,141
2026-05-27,自然流量,食品,9323,2671,250,149,128
2026-05-27,自然流量,数码,2151,790,148,83,63
2026-05-27,自然流量,家清,1191,533,72,31,28
2026-05-27,搜索,女装,6880,2689,353,118,94
2026-05-27,搜索,美妆,11509,2490,528,193,156
2026-05-27,搜索,食品,6156,1658,267,110,78
2026-05-27,搜索,数码,4818,1121,231,130,108
2026-05-27,搜索,家清,2908,721,70,35,30
2026-05-27,推荐,女装,7599,2092,363,220,200
2026-05-27,推荐,美妆,6059,2014,201,83,67
2026-05-27,推荐,食品,7520,1656,314,141,124
2026-05-27,推荐,数码,7997,1895,183,55,45
2026-05-27,推荐,家清,3060,774,165,57,50
2026-05-27,直播,女装,5859,1375,142,79,68
2026-05-27,直播,美妆,2165,917,96,33,29
2026-05-27,直播,食品,1523,423,50,21,18
2026-05-27,直播,数码,2896,618,77,42,37
2026-05-27,直播,家清,4802,1071,225,98,82
2026-05-27,广告,女装,4429,1465,126,70,58
2026-05-27,广告,美妆,2987,711,139,83,58
2026-05-27,广告,食品,3640,950,92,56,42
2026-05-27,广告,数码,1986,447,76,39,35
2026-05-27,广告,家清,2671,584,121,42,32
2026-05-28,自然流量,女装,7063,2567,470,255,221
2026-05-28,自然流量,美妆,6400,2173,279,170,131
2026-05-28,自然流量,食品,2389,1023,95,34,23
2026-05-28,自然流量,数码,6467,1539,281,171,123
2026-05-28,自然流量,家清,8156,1881,368,115,100
2026-05-28,搜索,女装,10959,3151,330,187,151
2026-05-28,搜索,美妆,3397,890,78,34,28
2026-05-28,搜索,食品,2305,645,126,67,55
2026-05-28,搜索,数码,4926,1978,375,132,96
2026-05-28,搜索,家清,3479,1116,217,88,76
2026-05-28,推荐,女装,4120,1555,178,96,71
2026-05-28,推荐,美妆,5296,1520,165,82,60
2026-05-28,推荐,食品,3157,859,167,79,72
2026-05-28,推荐,数码,5420,1758,162,99,71
2026-05-28,推荐,家清,2057,436,80,33,29
2026-05-28,直播,女装,8650,1948,274,135,118
2026-05-28,直播,美妆,2091,444,44,25,17
2026-05-28,直播,食品,3977,1434,179,71,58
2026-05-28,直播,数码,6001,1415,309,188,153
2026-05-28,直播,家清,1678,507,49,28,20
2026-05-28,广告,女装,5911,1479,297,120,97
2026-05-28,广告,美妆,3195,1316,281,167,119
2026-05-28,广告,食品,2349,671,82,32,25
2026-05-28,广告,数码,4968,1276,153,90,78
2026-05-28,广告,家清,1980,448,59,27,19
2026-05-29,自然流量,女装,10947,3026,270,94,71
2026-05-29,自然流量,美妆,10294,2362,451,234,198
2026-05-29,自然流量,食品,9857,2838,282,137,107
2026-05-29,自然流量,数码,8463,2287,451,152,113
2026-05-29,自然流量,家清,1578,515,64,34,27
2026-05-29,搜索,女装,13922,2915,449,208,158
2026-05-29,搜索,美妆,4363,1047,151,76,55
2026-05-29,搜索,食品,3867,990,135,49,34
2026-05-29,搜索,数码,3891,1560,282,100,70
2026-05-29,搜索,家清,4420,1912,173,72,54
2026-05-29,推荐,女装,8083,2251,217,87,70
2026-05-29,推荐,美妆,9301,2323,254,117,106
2026-05-29,推荐,食品,4348,1359,132,56,45
2026-05-29,推荐,数码,4080,985,130,47,34
2026-05-29,推荐,家清,2448,779,99,34,27
2026-05-29,直播,女装,1892,625,115,61,47
2026-05-29,直播,美妆,7883,1739,316,95,86
2026-05-29,直播,食品,4804,1262,185,59,50
2026-05-29,直播,数码,3517,1298,206,96,88
2026-05-29,直播,家清,5046,1110,219,68,63
2026-05-29,广告,女装,6296,1508,207,90,67
2026-05-29,广告,美妆,3913,890,176,69,58
2026-05-29,广告,食品,3680,1016,184,113,96
2026-05-29,广告,数码,2538,620,102,61,47
2026-05-29,广告,家清,1286,479,96,32,25
2026-05-30,自然流量,女装,12025,3204,428,241,170
2026-05-30,自然流量,美妆,3325,1511,271,164,150
2026-05-30,自然流量,食品,10602,2443,536,243,174
2026-05-30,自然流量,数码,4177,1135,241,96,78
2026-05-30,自然流量,家清,3972,958,87,32,24
2026-05-30,搜索,女装,7715,2360,223,114,89
2026-05-30,搜索,美妆,4965,1966,278,112,85
2026-05-30,搜索,食品,7290,1824,228,106,85
2026-05-30,搜索,数码,4152,1217,149,85,72
2026-05-30,搜索,家清,4285,1550,333,116,106
2026-05-30,推荐,女装,8160,2688,223,77,69
2026-05-30,推荐,美妆,4872,1443,218,115,93
2026-05-30,推荐,食品,7598,1844,205,69,61
2026-05-30,推荐,数码,3531,1027,221,87,71
2026-05-30,推荐,家清,3132,722,133,69,63
2026-05-30,直播,女装,4824,1363,137,54,43
2026-05-30,直播,美妆,5755,1289,158,66,48
2026-05-30,直播,食品,1651,480,94,48,34
2026-05-30,直播,数码,4039,1409,161,86,71
2026-05-30,直播,家清,2680,959,179,90,66
2026-05-30,广告,女装,8535,1882,352,112,95
2026-05-30,广告,美妆,2847,699,95,34,29
2026-05-30,广告,食品,6303,1478,211,104,77
2026-05-30,广告,数码,3103,707,80,39,35
2026-05-30,广告,家清,3013,1085,174,76,55
2026-05-31,自然流量,女装,7963,2192,403,123,111
2026-05-31,自然流量,美妆,7941,2745,297,157,118
2026-05-31,自然流量,食品,4638,1012,169,97,67
2026-05-31,自然流量,数码,7536,1580,180,77,58
2026-05-31,自然流量,家清,1506,543,115,55,39
2026-05-31,搜索,女装,3138,888,191,67,48
2026-05-31,搜索,美妆,2263,728,159,64,48
2026-05-31,搜索,食品,1858,707,125,71,54
2026-05-31,搜索,数码,5913,1606,310,152,135
2026-05-31,搜索,家清,4705,1541,176,75,63
2026-05-31,推荐,女装,4270,1485,192,112,82
2026-05-31,推荐,美妆,3068,701,123,69,56
2026-05-31,推荐,食品,6967,2309,372,146,111
2026-05-31,推荐,数码,3201,1138,177,56,42
2026-05-31,推荐,家清,4096,1337,257,109,76
2026-05-31,直播,女装,6001,1490,303,185,170
2026-05-31,直播,美妆,4900,1399,272,156,115
2026-05-31,直播,食品,6783,1692,233,114,98
2026-05-31,直播,数码,3991,988,153,54,48
2026-05-31,直播,家清,2185,477,55,21,18
2026-05-31,广告,女装,5308,1837,376,139,107
2026-05-31,广告,美妆,1640,385,58,33,29
2026-05-31,广告,食品,6025,1407,267,126,94
2026-05-31,广告,数码,3270,1012,153,49,38
2026-05-31,广告,家清,2028,428,71,26,20
2026-06-01,自然流量,女装,16872,3703,364,200,160
2026-06-01,自然流量,美妆,2785,1240,139,58,49
2026-06-01,自然流量,食品,3805,1601,259,81,57
2026-06-01,自然流量,数码,3858,1004,102,41,33
2026-06-01,自然流量,家清,5795,1695,174,62,52
2026-06-01,搜索,女装,6777,2066,203,120,97
2026-06-01,搜索,美妆,4658,1006,152,85,70
2026-06-01,搜索,食品,7645,2565,543,329,247
2026-06-01,搜索,数码,8796,1980,281,109,80
2026-06-01,搜索,家清,1986,525,112,59,49
2026-06-01,推荐,女装,6465,1682,289,118,97
2026-06-01,推荐,美妆,7825,1675,247,126,101
2026-06-01,推荐,食品,5577,1566,199,79,68
2026-06-01,推荐,数码,4209,1602,344,167,124
2026-06-01,推荐,家清,2636,1025,130,63,50
2026-06-01,直播,女装,2865,1062,176,103,83
2026-06-01,直播,美妆,1930,509,87,32,26
2026-06-01,直播,食品,4965,1345,233,126,112
2026-06-01,直播,数码,2129,496,46,14,11
2026-06-01,直播,家清,1422,330,37,22,17
2026-06-01,广告,女装,3421,1484,252,76,56
2026-06-01,广告,美妆,2768,1082,226,85,64
2026-06-01,广告,食品,2924,661,143,68,50
2026-06-01,广告,数码,1223,363,68,24,19
2026-06-01,广告,家清,3410,1145,112,57,52
2026-06-02,自然流量,女装,7648,2296,266,128,92
2026-06-02,自然流量,美妆,3143,1194,134,72,57
2026-06-02,自然流量,食品,3449,931,144,75,54
2026-06-02,自然流量,数码,7920,1851,381,194,164
2026-06-02,自然流量,家清,6769,2008,377,143,110
2026-06-02,搜索,女装,6284,1663,255,117,108
2026-06-02,搜索,美妆,4485,978,185,77,64
2026-06-02,搜索,食品,7734,2326,375,170,157
2026-06-02,搜索,数码,5767,1781,367,192,173
2026-06-02,搜索,家清,4175,894,176,93,66
2026-06-02,推荐,女装,5711,1378,206,72,57
2026-06-02,推荐,美妆,4180,1133,130,57,47
2026-06-02,推荐,食品,5421,1331,196,63,55
2026-06-02,推荐,数码,2853,710,100,60,54
2026-06-02,推荐,家清,3558,782,64,35,25
2026-06-02,直播,女装,8656,1965,370,168,145
2026-06-02,直播,美妆,2847,909,96,31,22
2026-06-02,直播,食品,3012,768,139,55,50
2026-06-02,直播,数码,2705,916,181,102,80
2026-06-02,直播,家清,3752,1259,111,54,42
2026-06-02,广告,女装,4536,1057,135,75,60
2026-06-02,广告,美妆,2930,1081,234,143,110
2026-06-02,广告,食品,6015,1284,115,40,28
2026-06-02,广告,数码,2453,1068,231,75,60
2026-06-02,广告,家清,4866,1097,119,62,52
2026-06-03,自然流量,女装,4943,1820,227,122,93
2026-06-03,自然流量,美妆,6750,1900,299,143,121
2026-06-03,自然流量,食品,10503,2396,366,120,89
2026-06-03,自然流量,数码,10315,2447,473,180,133
2026-06-03,自然流量,家清,3442,1030,212,76,65
2026-06-03,搜索,女装,12705,2994,263,106,95
2026-06-03,搜索,美妆,9369,1955,347,179,159
2026-06-03,搜索,食品,10054,2181,351,192,160
2026-06-03,搜索,数码,9524,2016,330,197,167
2026-06-03,搜索,家清,2916,661,53,26,21
2026-06-03,推荐,女装,8201,1923,197,98,70
2026-06-03,推荐,美妆,6260,2135,202,84,77
2026-06-03,推荐,食品,9813,2114,274,146,116
2026-06-03,推荐,数码,3499,970,207,105,75
2026-06-03,推荐,家清,4021,1333,148,63,47
2026-06-03,直播,女装,6408,1918,218,78,60
2026-06-03,直播,美妆,6075,1448,145,60,54
2026-06-03,直播,食品,4684,1470,188,115,91
2026-06-03,直播,数码,2771,644,69,23,17
2026-06-03,直播,家清,3146,739,121,44,37
2026-06-03,广告,女装,6292,1580,296,148,120
2026-06-03,广告,美妆,1596,447,48,19,16
2026-06-03,广告,食品,1103,332,41,17,14
2026-06-03,广告,数码,3805,1265,117,65,60
2026-06-03,广告,家清,2773,970,153,48,35
2026-06-04,自然流量,女装,5134,2175,302,158,113
2026-06-04,自然流量,美妆,5497,2195,196,120,91
2026-06-04,自然流量,食品,6001,1870,279,146,121
2026-06-04,自然流量,数码,4147,1125,92,43,39
2026-06-04,自然流量,家清,3036,1096,149,83,75
2026-06-04,搜索,女装,2842,691,137,81,57
2026-06-04,搜索,美妆,3252,1036,200,118,106
2026-06-04,搜索,食品,10051,2167,413,247,181
2026-06-04,搜索,数码,2288,975,206,119,103
2026-06-04,搜索,家清,4303,1536,184,80,63
2026-06-04,推荐,女装,3124,900,188,106,79
2026-06-04,推荐,美妆,8686,2594,374,174,160
2026-06-04,推荐,食品,5790,1717,236,92,69
2026-06-04,推荐,数码,4181,1589,188,96,75
2026-06-04,推荐,家清,2870,1270,182,67,54
2026-06-04,直播,女装,2117,793,77,45,32
2026-06-04,直播,美妆,5376,1322,241,132,96
2026-06-04,直播,食品,1393,400,61,24,19
2026-06-04,直播,数码,5729,1204,203,82,75
2026-06-04,直播,家清,3647,1364,111,50,43
2026-06-04,广告,女装,2882,660,114,62,56
2026-06-04,广告,美妆,2797,1131,156,66,53
2026-06-04,广告,食品,2285,949,151,57,45
2026-06-04,广告,数码,3139,867,165,76,67
2026-06-04,广告,家清,3091,779,114,61,56
2026-06-05,自然流量,女装,5685,2401,244,94,73
2026-06-05,自然流量,美妆,11167,3214,444,227,192
2026-06-05,自然流量,食品,2825,971,90,30,23
2026-06-05,自然流量,数码,7997,1699,174,85,66
2026-06-05,自然流量,家清,3774,1555,217,130,93
2026-06-05,搜索,女装,5211,1438,126,61,43
2026-06-05,搜索,美妆,6549,2365,415,248,201
2026-06-05,搜索,食品,8928,2534,282,102,86
2026-06-05,搜索,数码,6375,1927,379,230,184
2026-06-05,搜索,家清,4940,2037,284,154,124
2026-06-05,推荐,女装,6587,2791,298,98,80
2026-06-05,推荐,美妆,8546,2278,209,79,57
2026-06-05,推荐,食品,4949,1073,196,112,104
2026-06-05,推荐,数码,2859,714,87,32,26
2026-06-05,推荐,家清,3082,701,74,43,39
2026-06-05,直播,女装,2847,604,131,67,61
2026-06-05,直播,美妆,1651,493,62,33,23
2026-06-05,直播,食品,4842,1116,189,92,65
2026-06-05,直播,数码,4085,1284,125,72,57
2026-06-05,直播,家清,1944,833,152,57,45
2026-06-05,广告,女装,5301,1261,168,75,53
2026-06-05,广告,美妆,3411,963,170,88,72
2026-06-05,广告,食品,3659,1264,259,147,107
2026-06-05,广告,数码,1035,360,73,32,22
2026-06-05,广告,家清,4607,1018,132,56,44
2026-06-06,自然流量,女装,3759,1381,186,81,65
2026-06-06,自然流量,美妆,4964,1303,237,139,105
2026-06-06,自然流量,食品,7750,2530,541,251,183
2026-06-06,自然流量,数码,5296,1200,139,62,55
2026-06-06,自然流量,家清,10197,2221,451,216,167
2026-06-06,搜索,女装,3766,1568,242,108,87
2026-06-06,搜索,美妆,1520,643,101,47,36
2026-06-06,搜索,食品,5620,1211,265,138,103
2026-06-06,搜索,数码,3992,1196,166,53,42
2026-06-06,搜索,家清,4623,1972,306,112,83
2026-06-06,推荐,女装,6407,2401,506,312,246
2026-06-06,推荐,美妆,6476,2592,450,152,121
2026-06-06,推荐,食品,2526,1004,207,65,57
2026-06-06,推荐,数码,1915,468,40,17,12
2026-06-06,推荐,家清,2434,735,71,26,21
2026-06-06,直播,女装,5758,1351,234,127,95
2026-06-06,直播,美妆,5499,1329,234,88,62
2026-06-06,直播,食品,6110,1440,274,108,81
2026-06-06,直播,数码,1395,630,80,41,31
2026-06-06,直播,家清,971,395,75,23,20
2026-06-06,广告,女装,2027,524,47,28,25
2026-06-06,广告,美妆,4131,1040,176,61,46
2026-06-06,广告,食品,5400,1410,288,169,128
2026-06-06,广告,数码,1598,407,56,32,24
2026-06-06,广告,家清,2994,834,79,25,17
2026-06-07,自然流量,女装,2799,1184,202,67,50
2026-06-07,自然流量,美妆,3647,1258,107,49,37
2026-06-07,自然流量,食品,3592,1083,202,86,63
2026-06-07,自然流量,数码,4654,1543,163,97,79
2026-06-07,自然流量,家清,3548,1127,127,51,39
2026-06-07,搜索,女装,10974,2426,377,167,143
2026-06-07,搜索,美妆,7611,2046,233,136,111
2026-06-07,搜索,食品,5076,1534,187,90,72
2026-06-07,搜索,数码,5961,2071,210,73,56
2026-06-07,搜索,家清,8750,1947,276,113,102
2026-06-07,推荐,女装,11896,2542,468,244,226
2026-06-07,推荐,美妆,8536,2471,322,139,127
2026-06-07,推荐,食品,5659,2255,182,112,90
2026-06-07,推荐,数码,5108,1663,304,97,85
2026-06-07,推荐,家清,3146,1335,161,92,73
2026-06-07,直播,女装,9212,2092,397,235,189
2026-06-07,直播,美妆,5300,1533,162,52,42
2026-06-07,直播,食品,4667,1624,211,84,59
2026-06-07,直播,数码,1586,408,75,37,27
2026-06-07,直播,家清,3647,1251,178,87,65
2026-06-07,广告,女装,3750,1293,163,85,65
2026-06-07,广告,美妆,1533,632,55,24,21
2026-06-07,广告,食品,2796,586,86,51,46
2026-06-07,广告,数码,3247,1009,141,82,71
2026-06-07,广告,家清,2682,726,131,72,63
2026-06-08,自然流量,女装,5666,2003,174,61,53
2026-06-08,自然流量,美妆,15173,3236,551,305,215
2026-06-08,自然流量,食品,4400,1522,135,75,63
2026-06-08,自然流量,数码,9012,1962,230,88,72
2026-06-08,自然流量,家清,3648,819,94,54,45
2026-06-08,搜索,女装,13921,3100,614,269,214
2026-06-08,搜索,美妆,11336,2533,556,238,169
2026-06-08,搜索,食品,4031,1397,143,67,59
2026-06-08,搜索,数码,5824,1762,190,57,42
2026-06-08,搜索,家清,1648,610,114,51,41
2026-06-08,推荐,女装,6302,1795,259,109,87
2026-06-08,推荐,美妆,4836,1342,290,105,89
2026-06-08,推荐,食品,1774,689,102,42,32
2026-06-08,推荐,数码,4570,1380,161,82,69
2026-06-08,推荐,家清,4826,1330,254,132,118
2026-06-08,直播,女装,3163,707,67,24,18
2026-06-08,直播,美妆,2437,871,76,29,24
2026-06-08,直播,食品,1606,495,108,38,34
2026-06-08,直播,数码,3074,760,66,36,32
2026-06-08,直播,家清,1796,377,56,29,22
2026-06-08,广告,女装,4173,1213,211,114,93
2026-06-08,广告,美妆,4298,1025,143,59,51
2026-06-08,广告,食品,1289,326,42,15,12
2026-06-08,广告,数码,2437,523,86,42,30
2026-06-08,广告,家清,1825,774,64,36,29
2026-06-09,自然流量,女装,3390,1400,120,64,53
2026-06-09,自然流量,美妆,10485,2723,310,165,150
2026-06-09,自然流量,食品,6932,1622,208,77,61
2026-06-09,自然流量,数码,9889,2189,190,58,43
2026-06-09,自然流量,家清,1270,570,53,26,21
2026-06-09,搜索,女装,8943,2605,211,103,91
2026-06-09,搜索,美妆,6539,2238,217,121,101
2026-06-09,搜索,食品,3177,1086,113,40,30
2026-06-09,搜索,数码,1879,605,132,69,53
2026-06-09,搜索,家清,4598,1021,104,48,37
2026-06-09,推荐,女装,8585,2053,446,221,177
2026-06-09,推荐,美妆,1847,760,164,97,82
2026-06-09,推荐,食品,7515,1746,147,49,36
2026-06-09,推荐,数码,4044,1120,215,69,62
2026-06-09,推荐,家清,2614,554,100,52,39
2026-06-09,直播,女装,4307,1056,158,63,54
2026-06-09,直播,美妆,3823,1554,250,151,136
2026-06-09,直播,食品,2101,805,66,37,30
2026-06-09,直播,数码,1949,788,121,52,40
2026-06-09,直播,家清,1565,572,83,25,17
2026-06-09,广告,女装,3169,1388,144,70,60
2026-06-09,广告,美妆,2126,479,53,16,11
2026-06-09,广告,食品,5349,1183,244,144,113
2026-06-09,广告,数码,1254,503,73,31,23
2026-06-09,广告,家清,1238,304,28,11,8
2026-06-10,自然流量,女装,13453,3537,771,249,206
2026-06-10,自然流量,美妆,4642,1688,144,71,63
2026-06-10,自然流量,食品,9242,2710,365,118,108
2026-06-10,自然流量,数码,5084,1719,323,181,155
2026-06-10,自然流量,家清,6418,1937,422,208,154
2026-06-10,搜索,女装,4407,1841,247,100,75
2026-06-10,搜索,美妆,3825,1338,286,97,72
2026-06-10,搜索,食品,8443,2002,277,103,86
2026-06-10,搜索,数码,7726,1868,407,157,144
2026-06-10,搜索,家清,4818,1112,219,96,86
2026-06-10,推荐,女装,10745,2805,606,313,243
2026-06-10,推荐,美妆,3346,831,143,50,43
2026-06-10,推荐,食品,4630,1036,207,94,74
2026-06-10,推荐,数码,8096,1931,416,248,217
2026-06-10,推荐,家清,5378,1294,283,164,128
2026-06-10,直播,女装,7742,1873,314,110,99
2026-06-10,直播,美妆,2745,949,152,81,57
2026-06-10,直播,食品,3079,1036,219,118,89
2026-06-10,直播,数码,2574,912,105,61,50
2026-06-10,直播,家清,2829,860,69,21,19
2026-06-10,广告,女装,4110,1442,223,77,69
2026-06-10,广告,美妆,4850,1050,196,96,68
2026-06-10,广告,食品,3600,1061,101,37,32
2026-06-10,广告,数码,2006,770,165,67,61
2026-06-10,广告,家清,1782,411,32,11,10
2026-06-11,自然流量,女装,11727,2996,408,172,121
2026-06-11,自然流量,美妆,13277,2821,433,201,169
2026-06-11,自然流量,食品,5924,1671,247,106,91
2026-06-11,自然流量,数码,5363,1239,189,72,60
2026-06-11,自然流量,家清,7519,1986,410,243,208
2026-06-11,搜索,女装,3588,921,139,82,65
2026-06-11,搜索,美妆,6199,1431,174,75,57
2026-06-11,搜索,食品,5757,2098,182,83,76
2026-06-11,搜索,数码,5149,1313,113,61,50
2026-06-11,搜索,家清,2823,704,129,62,44
2026-06-11,推荐,女装,9918,2616,489,303,263
2026-06-11,推荐,美妆,8958,2273,365,135,108
2026-06-11,推荐,食品,5730,1414,190,69,52
2026-06-11,推荐,数码,6953,1721,335,104,81
2026-06-11,推荐,家清,7291,1798,266,152,127
2026-06-11,直播,女装,7366,2085,178,107,96
2026-06-11,直播,美妆,2350,917,82,38,32
2026-06-11,直播,食品,3063,1314,230,94,76
2026-06-11,直播,数码,3419,949,106,51,45
2026-06-11,直播,家清,4499,1076,89,47,43
2026-06-11,广告,女装,8660,1873,176,57,47
2026-06-11,广告,美妆,5896,1402,215,109,84
2026-06-11,广告,食品,1682,384,39,21,15
2026-06-11,广告,数码,3768,844,135,83,74
2026-06-11,广告,家清,2992,889,71,36,30
2026-06-12,自然流量,女装,10643,3178,683,228,187
2026-06-12,自然流量,美妆,5541,2237,191,84,77
2026-06-12,自然流量,食品,3236,1315,106,35,32
2026-06-12,自然流量,数码,8531,1783,391,126,109
2026-06-12,自然流量,家清,5288,1936,202,94,68
2026-06-12,搜索,女装,4125,1705,368,184,137
2026-06-12,搜索,美妆,6133,2104,439,154,129
2026-06-12,搜索,食品,6905,1728,212,64,49
2026-06-12,搜索,数码,2330,830,101,41,37
2026-06-12,搜索,家清,4973,1218,201,99,83
2026-06-12,推荐,女装,3208,1295,187,76,60
2026-06-12,推荐,美妆,6348,1757,364,130,106
2026-06-12,推荐,食品,2587,921,91,49,44
2026-06-12,推荐,数码,2715,581,74,25,23
2026-06-12,推荐,家清,2657,916,176,106,87
2026-06-12,直播,女装,4740,1314,216,67,53
2026-06-12,直播,美妆,7539,1727,256,98,87
2026-06-12,直播,食品,1540,389,37,14,10
2026-06-12,直播,数码,4063,1275,214,121,112
2026-06-12,直播,家清,1158,322,36,18,12
2026-06-12,广告,女装,2730,608,49,30,26
2026-06-12,广告,美妆,7770,1654,289,167,133
2026-06-12,广告,食品,1706,443,53,22,17
2026-06-12,广告,数码,4945,1140,214,122,95
2026-06-12,广告,家清,2765,776,163,63,55
2026-06-13,自然流量,女装,14344,3239,704,275,207
2026-06-13,自然流量,美妆,6057,1656,238,120,92
2026-06-13,自然流量,食品,5555,1612,146,81,71
2026-06-13,自然流量,数码,2943,985,194,89,73
2026-06-13,自然流量,家清,3876,1379,126,68,56
2026-06-13,搜索,女装,9825,3172,452,262,198
2026-06-13,搜索,美妆,8976,2214,434,157,139
2026-06-13,搜索,食品,8506,2434,503,305,275
2026-06-13,搜索,数码,6121,1369,150,57,50
2026-06-13,搜索,家清,3739,809,111,38,30
2026-06-13,推荐,女装,8138,2077,319,174,157
2026-06-13,推荐,美妆,9343,2037,343,199,184
2026-06-13,推荐,食品,1932,577,76,29,22
2026-06-13,推荐,数码,3827,1625,258,113,96
2026-06-13,推荐,家清,4363,1732,345,158,143
2026-06-13,直播,女装,1293,527,103,52,44
2026-06-13,直播,美妆,7520,1573,257,139,124
2026-06-13,直播,食品,2153,485,64,37,31
2026-06-13,直播,数码,4319,1057,131,42,31
2026-06-13,直播,家清,5496,1237,190,110,90
2026-06-13,广告,女装,3722,910,191,94,82
2026-06-13,广告,美妆,2374,911,83,45,41
2026-06-13,广告,食品,3706,1009,179,110,89
2026-06-13,广告,数码,2004,551,103,63,58
2026-06-13,广告,家清,2582,575,59,27,24
2026-06-14,自然流量,女装,8229,1734,336,193,165
2026-06-14,自然流量,美妆,6224,1346,215,128,111
2026-06-14,自然流量,食品,3668,1478,243,94,75
2026-06-14,自然流量,数码,5266,1584,232,69,53
2026-06-14,自然流量,家清,5575,1740,231,85,71
2026-06-14,搜索,女装,3489,1439,186,70,53
2026-06-14,搜索,美妆,1706,706,83,42,33
2026-06-14,搜索,食品,3893,1009,141,45,34
2026-06-14,搜索,数码,8251,1821,371,200,152
2026-06-14,搜索,家清,5006,1341,171,79,57
2026-06-14,推荐,女装,7936,2452,385,200,161
2026-06-14,推荐,美妆,9514,2536,429,236,182
2026-06-14,推荐,食品,5254,1422,300,151,137
2026-06-14,推荐,数码,6869,1712,170,58,46
2026-06-14,推荐,家清,3417,858,69,41,35
2026-06-14,直播,女装,3707,1099,185,68,60
2026-06-14,直播,美妆,4980,1488,214,126,90
2026-06-14,直播,食品,5427,1606,248,109,90
2026-06-14,直播,数码,1321,599,48,26,22
2026-06-14,直播,家清,3954,976,184,91,64
2026-06-14,广告,女装,5019,1864,193,83,73
2026-06-14,广告,美妆,3396,815,165,58,53
2026-06-14,广告,食品,2693,768,158,93,84
2026-06-14,广告,数码,1281,282,27,8,7
2026-06-14,广告,家清,2256,528,101,57,50
2026-06-15,自然流量,女装,11204,3723,680,372,316
2026-06-15,自然流量,美妆,6712,1761,304,124,95
2026-06-15,自然流量,食品,4824,1157,97,37,27
2026-06-15,自然流量,数码,7625,1744,308,160,121
2026-06-15,自然流量,家清,5091,2007,434,211,160
2026-06-15,搜索,女装,7945,2770,376,131,104
2026-06-15,搜索,美妆,3551,782,145,63,55
2026-06-15,搜索,食品,4114,1084,93,44,39
2026-06-15,搜索,数码,3901,1542,217,115,99
2026-06-15,搜索,家清,7844,1699,306,165,147
2026-06-15,推荐,女装,7920,2710,585,246,195
2026-06-15,推荐,美妆,4395,1619,244,124,99
2026-06-15,推荐,食品,4377,1962,276,83,65
2026-06-15,推荐,数码,2102,619,127,55,43
2026-06-15,推荐,家清,1707,624,117,43,37
2026-06-15,直播,女装,1535,594,118,62,57
2026-06-15,直播,美妆,6384,1826,273,149,132
2026-06-15,直播,食品,5595,1258,198,96,84
2026-06-15,直播,数码,5145,1145,140,70,57
2026-06-15,直播,家清,2287,625,60,31,24
2026-06-15,广告,女装,7529,1769,363,133,97
2026-06-15,广告,美妆,3160,1335,160,66,49
2026-06-15,广告,食品,3209,1220,194,69,53
2026-06-15,广告,数码,1798,725,86,48,40
2026-06-15,广告,家清,1454,610,76,35,27
2026-06-16,自然流量,女装,12008,2920,416,193,170
2026-06-16,自然流量,美妆,5459,1307,115,45,38
2026-06-16,自然流量,食品,5282,1696,203,89,81
2026-06-16,自然流量,数码,9642,2060,235,83,68
2026-06-16,自然流量,家清,2493,945,130,40,31
2026-06-16,搜索,女装,5015,1254,163,82,59
2026-06-16,搜索,美妆,5703,1703,244,106,83
2026-06-16,搜索,食品,9493,2372,496,287,223
2026-06-16,搜索,数码,5492,1724,274,106,83
2026-06-16,搜索,家清,4672,1293,170,69,49
2026-06-16,推荐,女装,13370,2806,469,270,214
2026-06-16,推荐,美妆,4615,1371,291,144,114
2026-06-16,推荐,食品,5751,1810,285,137,113
2026-06-16,推荐,数码,8399,1863,343,190,174
2026-06-16,推荐,家清,8478,1824,284,85,68
2026-06-16,直播,女装,2337,674,91,43,38
2026-06-16,直播,美妆,3235,1002,198,91,71
2026-06-16,直播,食品,1056,405,84,31,25
2026-06-16,直播,数码,2023,440,52,17,12
2026-06-16,直播,家清,1845,572,52,23,18
2026-06-16,广告,女装,8317,1917,154,91,68
2026-06-16,广告,美妆,5214,1517,293,113,82
2026-06-16,广告,食品,4957,1461,265,125,89
2026-06-16,广告,数码,1729,549,110,63,49
2026-06-16,广告,家清,2660,1202,162,77,68
2026-06-17,自然流量,女装,10708,2295,501,201,148
2026-06-17,自然流量,美妆,8824,2645,358,187,145
2026-06-17,自然流量,食品,5230,1543,293,143,102
2026-06-17,自然流量,数码,2709,620,89,43,37
2026-06-17,自然流量,家清,4543,1179,170,101,93
2026-06-17,搜索,女装,11693,3286,587,318,273
2026-06-17,搜索,美妆,4967,1230,233,114,90
2026-06-17,搜索,食品,3996,1012,202,96,85
2026-06-17,搜索,数码,5401,1764,178,62,44
2026-06-17,搜索,家清,5668,1295,198,113,87
2026-06-17,推荐,女装,10641,2291,315,179,156
2026-06-17,推荐,美妆,7219,1650,215,94,69
2026-06-17,推荐,食品,5447,2250,244,130,97
2026-06-17,推荐,数码,5605,1512,204,73,52
2026-06-17,推荐,家清,6258,1357,180,57,47
2026-06-17,直播,女装,8980,2099,235,105,76
2026-06-17,直播,美妆,6116,1588,301,117,101
2026-06-17,直播,食品,2287,520,65,28,20
2026-06-17,直播,数码,3635,972,132,54,39
2026-06-17,直播,家清,3017,936,79,33,27
2026-06-17,广告,女装,2174,853,76,23,19
2026-06-17,广告,美妆,2102,494,94,54,49
2026-06-17,广告,食品,3782,939,181,80,66
2026-06-17,广告,数码,1047,443,89,45,36
2026-06-17,广告,家清,4290,1110,125,53,39
2026-06-18,自然流量,女装,10643,2615,255,121,100
2026-06-18,自然流量,美妆,8876,2679,564,317,222
2026-06-18,自然流量,食品,11574,2611,428,210,175
2026-06-18,自然流量,数码,10636,2422,312,169,152
2026-06-18,自然流量,家清,2032,611,133,63,45
2026-06-18,搜索,女装,7442,2124,411,146,112
2026-06-18,搜索,美妆,7383,2187,332,109,92
2026-06-18,搜索,食品,4516,1262,153,92,75
2026-06-18,搜索,数码,3928,1463,196,78,67
2026-06-18,搜索,家清,3573,1064,183,97,81
2026-06-18,推荐,女装,6392,1761,182,87,66
2026-06-18,推荐,美妆,9559,2168,334,105,96
2026-06-18,推荐,食品,3665,1024,112,34,30
2026-06-18,推荐,数码,6380,1885,168,83,68
2026-06-18,推荐,家清,3159,934,170,97,87
2026-06-18,直播,女装,3375,1241,133,55,38
2026-06-18,直播,美妆,5182,1338,175,101,71
2026-06-18,直播,食品,2722,576,93,32,23
2026-06-18,直播,数码,3896,835,168,59,42
2026-06-18,直播,家清,2585,764,130,46,39
2026-06-18,广告,女装,6683,1436,273,149,113
2026-06-18,广告,美妆,3447,1557,313,101,82
2026-06-18,广告,食品,3656,1266,266,159,113
2026-06-18,广告,数码,3056,797,158,95,77
2026-06-18,广告,家清,3367,973,80,42,35
2026-06-19,自然流量,女装,2467,801,87,39,35
2026-06-19,自然流量,美妆,9567,2667,573,283,223
2026-06-19,自然流量,食品,4003,1542,186,75,68
2026-06-19,自然流量,数码,3829,1315,258,127,114
2026-06-19,自然流量,家清,4894,1357,197,96,88
2026-06-19,搜索,女装,7443,3165,318,117,100
2026-06-19,搜索,美妆,4910,1344,216,125,88
2026-06-19,搜索,食品,3245,772,137,66,56
2026-06-19,搜索,数码,6669,1552,271,104,86
2026-06-19,搜索,家清,3932,1432,299,174,144
2026-06-19,推荐,女装,7874,2102,293,118,91
2026-06-19,推荐,美妆,2606,928,128,55,41
2026-06-19,推荐,食品,3056,908,161,91,65
2026-06-19,推荐,数码,4398,941,135,73,60
2026-06-19,推荐,家清,2646,758,65,37,29
2026-06-19,直播,女装,6873,2137,393,176,144
2026-06-19,直播,美妆,2617,694,75,45,32
2026-06-19,直播,食品,2365,788,165,95,81
2026-06-19,直播,数码,5922,1243,153,93,77
2026-06-19,直播,家清,3938,1395,139,74,54
2026-06-19,广告,女装,1429,487,58,28,19
2026-06-19,广告,美妆,1728,555,56,28,22
2026-06-19,广告,食品,2341,629,120,57,47
2026-06-19,广告,数码,695,267,45,26,19
2026-06-19,广告,家清,2644,573,111,49,42
2026-06-20,自然流量,女装,2826,1095,133,81,65
2026-06-20,自然流量,美妆,7998,2087,433,189,147
2026-06-20,自然流量,食品,6761,1433,187,100,70
2026-06-20,自然流量,数码,5047,1265,193,72,50
2026-06-20,自然流量,家清,6741,2272,389,154,117
2026-06-20,搜索,女装,5959,1434,146,45,37
2026-06-20,搜索,美妆,4604,1994,258,157,138
2026-06-20,搜索,食品,2725,1105,226,106,81
2026-06-20,搜索,数码,3823,899,139,49,41
2026-06-20,搜索,家清,4105,1552,295,141,124
2026-06-20,推荐,女装,8989,1987,344,162,144
2026-06-20,推荐,美妆,9321,2004,404,132,110
2026-06-20,推荐,食品,5754,1435,266,108,96
2026-06-20,推荐,数码,4008,1238,263,143,125
2026-06-20,推荐,家清,1955,839,184,61,53
2026-06-20,直播,女装,2239,840,72,38,28
2026-06-20,直播,美妆,2831,1280,142,64,58
2026-06-20,直播,食品,1865,536,84,47,38
2026-06-20,直播,数码,1634,681,87,46,36
2026-06-20,直播,家清,3954,960,95,57,45
2026-06-20,广告,女装,7509,1615,353,159,130
2026-06-20,广告,美妆,4138,1540,233,104,81
2026-06-20,广告,食品,1806,704,124,46,38
2026-06-20,广告,数码,2091,603,63,35,29
2026-06-20,广告,家清,1093,274,25,8,7
2026-06-21,自然流量,女装,9067,2917,288,133,99
2026-06-21,自然流量,美妆,4131,1560,249,89,66
2026-06-21,自然流量,食品,5236,1768,364,119,86
2026-06-21,自然流量,数码,6429,2408,229,110,98
2026-06-21,自然流量,家清,1787,720,105,46,41
2026-06-21,搜索,女装,11300,2997,420,255,228
2026-06-21,搜索,美妆,5848,2211,231,93,81
2026-06-21,搜索,食品,3136,1237,190,93,86
2026-06-21,搜索,数码,4490,943,134,63,56
2026-06-21,搜索,家清,3646,1246,121,55,48
2026-06-21,推荐,女装,6376,2843,480,258,181
2026-06-21,推荐,美妆,6001,2338,331,109,90
2026-06-21,推荐,食品,4878,1191,203,84,75
2026-06-21,推荐,数码,1815,776,100,50,44
2026-06-21,推荐,家清,4281,1500,182,87,65
2026-06-21,直播,女装,1497,652,126,74,58
2026-06-21,直播,美妆,4290,1763,204,122,96
2026-06-21,直播,食品,4321,1202,231,113,80
2026-06-21,直播,数码,1863,441,71,34,30
2026-06-21,直播,家清,2730,611,85,32,28
2026-06-21,广告,女装,8065,1694,242,83,73
2026-06-21,广告,美妆,4343,1316,108,50,41
2026-06-21,广告,食品,1368,487,45,15,13
2026-06-21,广告,数码,1303,364,40,22,19
2026-06-21,广告,家清,1967,486,69,24,21
2026-06-22,自然流量,女装,6033,2610,466,251,214
2026-06-22,自然流量,美妆,11076,2882,424,261,213
2026-06-22,自然流量,食品,3704,1620,341,153,116
2026-06-22,自然流量,数码,9044,2345,495,263,188
2026-06-22,自然流量,家清,10678,2298,258,80,57
2026-06-22,搜索,女装,9083,2657,297,167,130
2026-06-22,搜索,美妆,5262,1488,300,97,86
2026-06-22,搜索,食品,3968,1532,140,64,52
2026-06-22,搜索,数码,4184,1679,311,123,93
2026-06-22,搜索,家清,3073,1088,150,83,58
2026-06-22,推荐,女装,10644,2423,363,127,89
2026-06-22,推荐,美妆,3646,770,120,36,31
2026-06-22,推荐,食品,2322,626,59,25,19
2026-06-22,推荐,数码,4446,983,166,94,73
2026-06-22,推荐,家清,4613,1795,225,91,67
2026-06-22,直播,女装,9329,2175,200,63,44
2026-06-22,直播,美妆,2468,671,101,43,35
2026-06-22,直播,食品,2346,519,105,64,57
2026-06-22,直播,数码,3948,917,136,77,68
2026-06-22,直播,家清,4013,920,109,32,29
2026-06-22,广告,女装,3044,726,153,88,68
2026-06-22,广告,美妆,5922,1583,323,112,85
2026-06-22,广告,食品,4502,1388,276,120,102
2026-06-22,广告,数码,3047,713,104,41,32
2026-06-22,广告,家清,3494,1040,144,58,46
2026-06-23,自然流量,女装,13864,3650,523,192,161
2026-06-23,自然流量,美妆,4208,1116,132,78,56
2026-06-23,自然流量,食品,5643,1928,308,156,128
2026-06-23,自然流量,数码,8499,2177,297,168,154
2026-06-23,自然流量,家清,6417,2091,408,229,191
2026-06-23,搜索,女装,3269,1339,207,96,81
2026-06-23,搜索,美妆,7719,2156,315,191,156
2026-06-23,搜索,食品,5342,2006,410,137,109
2026-06-23,搜索,数码,4009,1781,284,131,118
2026-06-23,搜索,家清,4520,1013,83,51,41
2026-06-23,推荐,女装,5451,1390,223,115,84
2026-06-23,推荐,美妆,3450,1381,202,74,52
2026-06-23,推荐,食品,4243,1697,368,173,141
2026-06-23,推荐,数码,3220,1364,134,65,46
2026-06-23,推荐,家清,1393,486,88,29,25
2026-06-23,直播,女装,2089,556,91,50,46
2026-06-23,直播,美妆,3810,1404,189,66,54
2026-06-23,直播,食品,7535,1749,147,57,49
2026-06-23,直播,数码,2830,1038,119,52,48
2026-06-23,直播,家清,3404,1283,108,60,42
2026-06-23,广告,女装,2511,699,147,80,65
2026-06-23,广告,美妆,2911,897,157,93,73
2026-06-23,广告,食品,2418,814,125,67,47
2026-06-23,广告,数码,4874,1023,136,79,69
2026-06-23,广告,家清,3904,1034,157,47,39
2026-06-24,自然流量,女装,5770,1589,260,85,70
2026-06-24,自然流量,美妆,6137,1689,300,96,76
2026-06-24,自然流量,食品,11285,2898,278,121,108
2026-06-24,自然流量,数码,5151,1901,351,127,105
2026-06-24,自然流量,家清,4515,976,109,63,54
2026-06-24,搜索,女装,6857,2113,351,175,142
2026-06-24,搜索,美妆,5412,2320,451,185,167
2026-06-24,搜索,食品,5088,2022,328,116,82
2026-06-24,搜索,数码,1642,500,82,34,28
2026-06-24,搜索,家清,5227,1655,246,138,126
2026-06-24,推荐,女装,4328,1423,134,61,48
2026-06-24,推荐,美妆,3453,790,158,73,64
2026-06-24,推荐,食品,6663,2363,300,107,78
2026-06-24,推荐,数码,7166,1609,184,106,77
2026-06-24,推荐,家清,1950,666,73,33,24
2026-06-24,直播,女装,3418,1454,228,102,76
2026-06-24,直播,美妆,3140,804,93,31,23
2026-06-24,直播,食品,4590,1050,151,60,49
2026-06-24,直播,数码,4280,1384,185,65,59
2026-06-24,直播,家清,2351,685,80,29,25
2026-06-24,广告,女装,3208,1096,169,72,51
2026-06-24,广告,美妆,2274,846,118,36,31
2026-06-24,广告,食品,2835,702,145,70,58
2026-06-24,广告,数码,3946,883,162,80,64
2026-06-24,广告,家清,902,303,34,12,9
2026-06-25,自然流量,女装,12120,2596,416,198,178
2026-06-25,自然流量,美妆,8896,2095,169,72,65
2026-06-25,自然流量,食品,2430,795,91,33,29
2026-06-25,自然流量,数码,5513,1571,288,106,76
2026-06-25,自然流量,家清,3350,702,128,55,38
2026-06-25,搜索,女装,5415,1850,247,104,91
2026-06-25,搜索,美妆,9157,2248,287,152,140
2026-06-25,搜索,食品,6851,2068,234,75,54
2026-06-25,搜索,数码,6291,1881,305,161,147
2026-06-25,搜索,家清,3732,1313,258,134,94
2026-06-25,推荐,女装,6816,1998,260,98,70
2026-06-25,推荐,美妆,7365,2185,467,172,133
2026-06-25,推荐,食品,4697,1596,229,120,105
2026-06-25,推荐,数码,5027,1549,249,142,106
2026-06-25,推荐,家清,4322,940,148,90,76
2026-06-25,直播,女装,2401,887,110,50,42
2026-06-25,直播,美妆,4799,1222,227,130,115
2026-06-25,直播,食品,4840,1120,183,107,82
2026-06-25,直播,数码,2285,532,54,21,16
2026-06-25,直播,家清,3481,918,95,35,32
2026-06-25,广告,女装,3873,1693,348,210,159
2026-06-25,广告,美妆,2671,569,123,75,67
2026-06-25,广告,食品,3568,967,142,57,52
2026-06-25,广告,数码,1965,432,66,34,30
2026-06-25,广告,家清,2402,658,92,50,36
2026-06-26,自然流量,女装,6292,2618,367,156,143
2026-06-26,自然流量,美妆,6900,3081,403,204,168
2026-06-26,自然流量,食品,3593,1460,314,158,130
2026-06-26,自然流量,数码,6060,2086,363,150,111
2026-06-26,自然流量,家清,2345,1042,206,93,72
2026-06-26,搜索,女装,5798,2272,375,188,147
2026-06-26,搜索,美妆,3855,1491,141,83,60
2026-06-26,搜索,食品,2513,665,131,79,69
2026-06-26,搜索,数码,2894,639,136,77,61
2026-06-26,搜索,家清,6508,1977,410,127,101
2026-06-26,推荐,女装,1928,703,72,39,30
2026-06-26,推荐,美妆,9972,2301,459,192,171
2026-06-26,推荐,食品,11014,2334,419,146,112
2026-06-26,推荐,数码,5000,1444,144,58,47
2026-06-26,推荐,家清,2292,983,120,51,36
2026-06-26,直播,女装,7334,1929,276,149,115
2026-06-26,直播,美妆,6124,1439,141,47,40
2026-06-26,直播,食品,4683,1767,254,152,122
2026-06-26,直播,数码,3565,1066,97,44,36
2026-06-26,直播,家清,5632,1236,104,53,41
2026-06-26,广告,女装,4955,1464,227,112,85
2026-06-26,广告,美妆,2305,730,145,74,65
2026-06-26,广告,食品,4063,965,82,26,20
2026-06-26,广告,数码,3702,1050,116,65,57
2026-06-26,广告,家清,822,332,52,19,17
2026-06-27,自然流量,女装,2297,920,190,71,65
2026-06-27,自然流量,美妆,9108,2030,213,72,58
2026-06-27,自然流量,食品,9610,2585,426,157,115
2026-06-27,自然流量,数码,4979,1988,222,103,78
2026-06-27,自然流量,家清,1627,719,150,71,49
2026-06-27,搜索,女装,4481,1546,231,77,57
2026-06-27,搜索,美妆,5753,1744,249,131,106
2026-06-27,搜索,食品,4234,938,174,106,92
2026-06-27,搜索,数码,1941,504,84,48,44
2026-06-27,搜索,家清,5418,1821,214,110,78
2026-06-27,推荐,女装,4097,1533,300,145,130
2026-06-27,推荐,美妆,9631,2616,458,229,191
2026-06-27,推荐,食品,2744,1021,223,122,92
2026-06-27,推荐,数码,1502,461,92,48,38
2026-06-27,推荐,家清,6083,1560,275,169,137
2026-06-27,直播,女装,3548,1060,170,55,43
2026-06-27,直播,美妆,8187,1766,168,51,44
2026-06-27,直播,食品,4755,1560,266,81,71
2026-06-27,直播,数码,3632,816,67,41,30
2026-06-27,直播,家清,4013,959,197,96,88
2026-06-27,广告,女装,5345,1799,279,119,100
2026-06-27,广告,美妆,1197,457,37,18,15
2026-06-27,广告,食品,3936,1433,207,78,70
2026-06-27,广告,数码,4534,1245,268,134,96
2026-06-27,广告,家清,4370,1138,99,49,37
2026-06-28,自然流量,女装,10166,2306,186,61,43
2026-06-28,自然流量,美妆,3442,1128,200,69,57
2026-06-28,自然流量,食品,5060,1502,166,73,67
2026-06-28,自然流量,数码,5215,1926,234,129,112
2026-06-28,自然流量,家清,4823,1852,379,114,80
2026-06-28,搜索,女装,12653,2722,362,159,121
2026-06-28,搜索,美妆,6824,1576,330,114,91
2026-06-28,搜索,食品,2389,1010,179,56,42
2026-06-28,搜索,数码,4812,1799,230,101,93
2026-06-28,搜索,家清,3738,826,165,77,54
2026-06-28,推荐,女装,7896,1748,184,69,54
2026-06-28,推荐,美妆,9847,2255,263,130,96
2026-06-28,推荐,食品,4944,1551,277,86,72
2026-06-28,推荐,数码,2848,738,150,59,50
2026-06-28,推荐,家清,3918,981,211,114,85
2026-06-28,直播,女装,4686,1422,310,113,95
2026-06-28,直播,美妆,4571,1150,148,48,40
2026-06-28,直播,食品,4946,1795,339,131,106
2026-06-28,直播,数码,1903,773,73,39,29
2026-06-28,直播,家清,4352,926,199,120,110
2026-06-28,广告,女装,6332,1941,175,98,72
2026-06-28,广告,美妆,4824,1369,246,142,117
2026-06-28,广告,食品,2157,689,143,73,56
2026-06-28,广告,数码,1711,446,64,26,22
2026-06-28,广告,家清,3407,892,165,81,71
2026-06-29,自然流量,女装,2347,978,88,29,22
2026-06-29,自然流量,美妆,2412,768,119,71,64
2026-06-29,自然流量,食品,4932,1210,104,36,25
2026-06-29,自然流量,数码,4097,1720,147,87,80
2026-06-29,自然流量,家清,5491,1473,231,72,66
2026-06-29,搜索,女装,4683,1523,173,77,65
2026-06-29,搜索,美妆,4011,1195,219,104,74
2026-06-29,搜索,食品,5053,1840,156,57,47
2026-06-29,搜索,数码,8161,2129,298,104,76
2026-06-29,搜索,家清,5233,1800,182,101,81
2026-06-29,推荐,女装,13859,2916,307,138,126
2026-06-29,推荐,美妆,5743,2445,317,97,82
2026-06-29,推荐,食品,7626,1942,366,129,111
2026-06-29,推荐,数码,1456,561,60,31,23
2026-06-29,推荐,家清,1636,465,51,29,21
2026-06-29,直播,女装,3379,1017,105,60,43
2026-06-29,直播,美妆,1850,429,79,26,21
2026-06-29,直播,食品,4271,1618,269,104,79
2026-06-29,直播,数码,2572,912,98,36,32
2026-06-29,直播,家清,2649,771,66,28,24
2026-06-29,广告,女装,5744,1620,284,154,128
2026-06-29,广告,美妆,3739,1206,165,67,60
2026-06-29,广告,食品,3465,736,91,43,33
2026-06-29,广告,数码,4899,1171,249,130,91
2026-06-29,广告,家清,1349,402,73,34,27
2026-06-30,自然流量,女装,9674,2104,310,142,103
2026-06-30,自然流量,美妆,3411,1025,170,57,51
2026-06-30,自然流量,食品,11736,2663,285,131,108
2026-06-30,自然流量,数码,7462,2342,250,106,90
2026-06-30,自然流量,家清,10895,2304,467,172,138
2026-06-30,搜索,女装,9735,2697,264,143,111
2026-06-30,搜索,美妆,6665,1731,164,99,89
2026-06-30,搜索,食品,8543,2070,196,106,76
2026-06-30,搜索,数码,2461,864,115,36,29
2026-06-30,搜索,家清,8384,1862,222,95,82
2026-06-30,推荐,女装,2553,977,211,72,54
2026-06-30,推荐,美妆,6336,1394,238,90,71
2026-06-30,推荐,食品,4996,1845,395,234,201
2026-06-30,推荐,数码,3419,1046,98,44,39
2026-06-30,推荐,家清,2758,1017,109,39,29
2026-06-30,直播,女装,1945,645,114,54,47
2026-06-30,直播,美妆,4677,1407,248,94,80
2026-06-30,直播,食品,4769,1585,150,79,62
2026-06-30,直播,数码,3211,775,124,48,39
2026-06-30,直播,家清,3496,1057,180,86,75
2026-06-30,广告,女装,3639,1617,308,142,123
2026-06-30,广告,美妆,2802,1162,144,73,63
2026-06-30,广告,食品,1741,403,44,23,17
2026-06-30,广告,数码,2717,684,95,56,42
2026-06-30,广告,家清,2137,920,119,69,53
2026-07-01,自然流量,女装,4386,1801,334,164,131
2026-07-01,自然流量,美妆,9904,2487,394,165,116
2026-07-01,自然流量,食品,5549,1455,201,81,63
2026-07-01,自然流量,数码,3050,678,110,49,42
2026-07-01,自然流量,家清,2351,627,84,44,37
2026-07-01,搜索,女装,3286,1306,204,71,62
2026-07-01,搜索,美妆,9908,2652,541,236,182
2026-07-01,搜索,食品,5584,2486,252,79,72
2026-07-01,搜索,数码,1712,567,116,64,47
2026-07-01,搜索,家清,6187,1564,312,168,147
2026-07-01,推荐,女装,4197,1522,153,55,48
2026-07-01,推荐,美妆,4044,1108,202,99,77
2026-07-01,推荐,食品,2965,932,119,61,47
2026-07-01,推荐,数码,5902,1285,208,123,87
2026-07-01,推荐,家清,6385,1647,242,133,107
2026-07-01,直播,女装,5555,2199,208,69,55
2026-07-01,直播,美妆,2466,873,161,84,70
2026-07-01,直播,食品,1369,424,55,21,18
2026-07-01,直播,数码,1717,762,145,46,38
2026-07-01,直播,家清,4706,1079,139,74,59
2026-07-01,广告,女装,2066,809,155,95,77
2026-07-01,广告,美妆,2494,875,88,40,33
2026-07-01,广告,食品,1120,354,51,16,13
2026-07-01,广告,数码,1638,422,51,18,13
2026-07-01,广告,家清,1574,542,58,18,16
2026-07-02,自然流量,女装,14676,3564,307,147,127
2026-07-02,自然流量,美妆,11675,2594,405,196,172
2026-07-02,自然流量,食品,3285,1340,166,63,46
2026-07-02,自然流量,数码,4968,1720,187,60,55
2026-07-02,自然流量,家清,8130,2152,298,150,110
2026-07-02,搜索,女装,4984,1201,131,65,59
2026-07-02,搜索,美妆,5026,1222,203,76,61
2026-07-02,搜索,食品,2953,620,67,32,28
2026-07-02,搜索,数码,4224,1223,189,116,98
2026-07-02,搜索,家清,3252,1472,129,66,53
2026-07-02,推荐,女装,7985,2137,302,133,110
2026-07-02,推荐,美妆,7448,1657,297,124,92
2026-07-02,推荐,食品,2089,655,125,51,39
2026-07-02,推荐,数码,3763,794,157,74,58
2026-07-02,推荐,家清,7008,1550,305,153,141
2026-07-02,直播,女装,6851,2016,276,103,76
2026-07-02,直播,美妆,3125,886,90,54,48
2026-07-02,直播,食品,7339,1596,318,116,104
2026-07-02,直播,数码,917,362,53,31,27
2026-07-02,直播,家清,2482,720,74,31,22
2026-07-02,广告,女装,2766,932,103,41,36
2026-07-02,广告,美妆,2476,610,97,30,27
2026-07-02,广告,食品,1568,452,60,32,23
2026-07-02,广告,数码,1839,592,52,30,23
2026-07-02,广告,家清,3502,900,89,49,42
2026-07-03,自然流量,女装,7173,2157,442,229,166
2026-07-03,自然流量,美妆,10494,3240,311,114,91
2026-07-03,自然流量,食品,5768,2338,257,158,116
2026-07-03,自然流量,数码,2205,542,104,44,34
2026-07-03,自然流量,家清,2917,1152,218,71,50
2026-07-03,搜索,女装,9167,2079,341,166,122
2026-07-03,搜索,美妆,6000,1742,225,102,92
2026-07-03,搜索,食品,4228,882,128,46,34
2026-07-03,搜索,数码,5002,1634,214,77,56
2026-07-03,搜索,家清,3101,965,93,32,29
2026-07-03,推荐,女装,12314,2745,483,185,137
2026-07-03,推荐,美妆,8365,2240,399,229,193
2026-07-03,推荐,食品,3371,963,112,59,54
2026-07-03,推荐,数码,6144,1394,204,92,81
2026-07-03,推荐,家清,2872,680,98,29,23
2026-07-03,直播,女装,3366,862,155,73,52
2026-07-03,直播,美妆,3956,1047,183,58,48
2026-07-03,直播,食品,5084,1438,199,106,96
2026-07-03,直播,数码,3824,1012,188,94,84
2026-07-03,直播,家清,2106,651,88,36,26
2026-07-03,广告,女装,4667,1270,267,157,135
2026-07-03,广告,美妆,5383,1253,237,113,90
2026-07-03,广告,食品,958,413,42,25,19
2026-07-03,广告,数码,4342,976,149,74,64
2026-07-03,广告,家清,3205,971,207,102,81
